,Gene Symbol,Barcode,Batch,seed,multinomial,cycle,Mono or multimer,Motif type,Experiment,Number of RBDs in the construct,Note,motif_type,seed_regex
0,BOLL,TCCCAA40NGCGC,AAG,KUGUUGUGUUKK,1,3,monomeric,Primary,Experiment_1,1,,linear,[GU]UGUUGUGUU[GU][GU]
1,CARHSP1,TGCAGT40NAAG,AAG,GCCAUGAUCAUGAU,2,3,dimeric,Secondary,Experiment_1,0,,linear,GCCAUGAUCAUGAU
2,CARHSP1,TGCAGT40NAAG,AAG,UUGCCUUGUCCCGAU,2,3,monomeric,Primary,Experiment_1,1,,linear,UUGCCUUGUCCCGAU
3,CELF1,TTCTAC40NCGA,AAG,UGUGUNUGUGU,1,4b-,dimeric,Primary,Experiment_1,2,,linear,UGUGU[AUGC]UGUGU
4,CELF3,TGTTCG40NGAC,AAG,UGUGUNUGUGU,1,4,dimeric,Primary,Experiment_1,2,,linear,UGUGU[AUGC]UGUGU
5,CELF4,TTATGG40NCGTT,AAH,UGUGUUGUGU,1,3,dimeric,Primary,Experiment_1,1,,linear,UGUGUUGUGU
6,CSDA,TGAAGC40NCTA,AAG,UAACAUCA,1,4,monomeric,Primary,Experiment_1,1,,linear,UAACAUCA
7,CSTF2,TTCTGG40NACTT,AAG,RRGGCGUAGCGUNN,2,3,monomeric,Primary,Experiment_1,1,,linear,[AG][AG]GGCGUAGCGU[AUGC][AUGC]
8,CSTF2T,TCTCGA40NCAT,AAG,CGUAGCGUCU,1,3b0,monomeric,Primary,Experiment_1,1,,linear,CGUAGCGUCU
9,DAZ4,TCTGGT40NGGG,AAH,GYUCUAGUUAGYAUC,2,2,monomeric,Secondary,Experiment_1,0,,linear,G[UC]UCUAGUUAG[UC]AUC
10,DAZAP1,TGCAAG40NAAC,AAG,UUAGGUUAGG,1,4,dimeric,Primary,Experiment_1,2,,linear,UUAGGUUAGG
11,DAZL,TCTAGA40NCGA,AAG,GUUGUUGUUG,1,4,dimeric,Secondary,Experiment_1,0,,linear,GUUGUUGUUG
12,ELAVL1,TGGACT40NAAT,EMJ,UUUAUGNUUU,1,4b0,monomeric,Primary,Experiment_1,3,,linear,UUUAUG[AUGC]UUU
13,ELAVL3,TAAGGC40NTGCC,AAG,GUUUUUG,1,4,monomeric,Primary,Experiment_1,3,,linear,GUUUUUG
14,ELAVL4,TCACGG40NTGT,EMO,UUUUAUUUUG,1,4b0,monomeric,Primary,Experiment_1,3,,linear,UUUUAUUUUG
15,ESRP1,TAAGGA40NCCG,AAG,GGUGUUGGUG,1,4,dimeric,Primary,Replicate,0,,linear,GGUGUUGGUG
16,ESRP1,TGGGCT40NGTT,AAG,GGUGUGGUGU,1,4,dimeric,Primary,Experiment_1,1,,linear,GGUGUGGUGU
17,HEXIM1,TTGGGT40NGGC,AAH,GKDKCGACGGK,1,3,monomeric,Primary,Experiment_1,1,,linear,G[GU][GAU][GU]CGACGG[GU]
18,HEXIM2,TCTTAA40NGCA,AAH,NGCGACGGKN,1,3,monomeric,Primary,Experiment_1,1,,linear,[AUGC]GCGACGG[GU][AUGC]
19,HNRNPA0,TGTCGA40NCCGA,AAH,KUAGKUUAGGK,1,3,dimeric,Primary,Experiment_1,2,,linear,[GU]UAG[GU]UUAGG[GU]
20,HNRNPA0,TGTCGA40NCCGA,AAH,KUAGKUUUAGGK,1,3,dimeric,Secondary,Experiment_1,0,,linear,[GU]UAG[GU]UUUAGG[GU]
21,HNRNPA1L2,TGAATC40NGTA,AAG,NUAGGUUAGGGW,2,4,dimeric,Primary,Experiment_1,2,,linear,[AUGC]UAGGUUAGGG[AU]
22,HNRNPA3,TCGTAG40NCAGC,AAG,UAGGUUAGGG,1,4,dimeric,Primary,Experiment_1,2,,linear,UAGGUUAGGG
23,HNRNPC,TACCGG40NAGT,AAG,UUUUUGGUGG,1,4,monomeric,Primary,Experiment_1,1,,linear,UUUUUGGUGG
24,HNRNPCL1,TAGCCA40NTAT,AAG,GUUUUUUGGG,1,3,monomeric,Primary,Experiment_1,1,,linear,GUUUUUUGGG
25,HNRNPL,TATGAG40NCGT,AAG,ACAUWWCAUW,1,3,dimeric,Primary,Experiment_1,3,,linear,ACAU[AU][AU]CAU[AU]
26,HNRPLL,TATAAA40NACG,AAG,GCAURCAYCC,1,3,dimeric,Primary,Experiment_1,3,,linear,GCAU[AG]CA[UC]CC
27,IGF2BP1,TCTTAA40NGCA,AAG,CAGNUWCA,1,4,monomeric,Primary,Experiment_1,3,,linear,CAG[AUGC]U[AU]CA
28,KHDRBS1,TAGCAT40NGCAA,AAG,UAAUAGN,1,4,dimeric,Primary,Experiment_1,1,,linear,UAAUAG[AUGC]
29,KHDRBS2,TGTGGT40NGGC,EMJ,UAAACAAUAA,1,4b0,dimeric,Primary,Experiment_1,1,,linear,UAAACAAUAA
30,KHDRBS3,TCCTCG40NCAG,AAG,UAAANNNNNNNUAAA,1,4,dimeric,Primary,Experiment_1,1,,linear,UAAA[AUGC][AUGC][AUGC][AUGC][AUGC][AUGC][AUGC]UAAA
31,LARP6,TTTGTA40NTAAC,AAG,GUGUCNNNNNNNNNGAAGUCN,2,4b-,monomeric,Primary,Experiment_1,1,,linear,GUGUC[AUGC][AUGC][AUGC][AUGC][AUGC][AUGC][AUGC][AUGC][AUGC]GAAGUC[AUGC]
32,LARP7,TACGCG40NCCG,EMO,GRUCGUGAUGN,1,4b0,monomeric,Primary,Experiment_1,1,,linear,G[AG]UCGUGAUG[AUGC]
33,MCM3AP,TACATC40NCAAG,AAH,CGCCAGUGCG,1,3b-,monomeric,Primary,Experiment_1,1,,linear,CGCCAGUGCG
34,MEX3B,TGTCTC40NTCA,AAG,UAGAGUUUAU,1,4,monomeric,Primary,Experiment_1,2,,linear,UAGAGUUUAU
35,MEX3B,TGTCTC40NTCA,AAG,UAUUUAU,1,4,monomeric,Secondary,Experiment_1,0,,linear,UAUUUAU
36,MEX3C,TGTATG40NCGG,AAG,NNAGAGUUUAUNN,1,3,monomeric,Primary,Experiment_1,2,,linear,[AUGC][AUGC]AGAGUUUAU[AUGC][AUGC]
37,MEX3D,TCGTCT40NGGTG,AAG,UNURUUUAUU,1,4,monomeric,Primary,Experiment_1,1,,linear,U[AUGC]U[AG]UUUAUU
38,MSI1,TTGGCG40NGGGA,AAG,KUAGUWKUAGK,1,4,dimeric,Primary,Experiment_1,2,,linear,[GU]UAGU[AU][GU]UAG[GU]
39,MSI2,TTTACT40NTACC,AAG,GUAGUGDGUAGK,1,4b-,dimeric,Primary,Experiment_1,2,,linear,GUAGUG[GAU]GUAG[GU]
40,MSI2,TTTACT40NTACC,AAG,GUAGUNNNGUAGK,1,4b-,dimeric,Secondary,Experiment_1,0,,linear,GUAGU[AUGC][AUGC][AUGC]GUAG[GU]
41,NOVA2,TATTCT40NCTC,AAG,UCAUUCAU,1,4,dimeric,Primary,Experiment_1,2,,linear,UCAUUCAU
42,PABPC5,TACCTG40NACG,AAG,NUAKAAAKUURCN,1,4,monomeric,Primary,Experiment_1,4,,linear,[AUGC]UA[GU]AAA[GU]UU[AG]C[AUGC]
43,PABPC5,TACCTG40NACG,AAG,NUAKAAAUUACUACAN,2,4,monomeric,Secondary,Experiment_1,0,,linear,[AUGC]UA[GU]AAAUUACUACA[AUGC]
44,PCBP1,TCGTAA40NCGG,AAG,UCCUUNNCCUU,1,3,dimeric,Primary,Experiment_1,3,,linear,UCCUU[AUGC][AUGC]CCUU
45,PUM1,TAAGGG40NACC,EMJ,NUGUAAAUAG,1,4b0,monomeric,Primary,Experiment_1,8,,linear,[AUGC]UGUAAAUAG
46,PUM2,TCCGCG40NTCT,AAG,NNUGUAYAGK,1,2,monomeric,Secondary,Experiment_1,0,,linear,[AUGC][AUGC]UGUA[UC]AG[GU]
47,PUM2,TCCGCG40NTCT,AAG,NUGUAAAUAGKN,2,2,monomeric,Primary,Experiment_1,8,,linear,[AUGC]UGUAAAUAG[GU][AUGC]
48,QKI,TAAGTT40NTCGA,AAG,NUACUAACAWN,1,3b-,monomeric,Primary,Experiment_1,1,,linear,[AUGC]UACUAACA[AU][AUGC]
49,QKI,TCACTG40NACC,AAG,ACUAACANNACUAACA,2,4b-,dimeric,Secondary,Experiment_1,0,,linear,ACUAACA[AUGC][AUGC]ACUAACA
50,RBFOX1,TTGCGA40NTACG,AAG,GCAUGNNGCAUG,1,4,dimeric,Secondary,Replicate,0,,linear,GCAUG[AUGC][AUGC]GCAUG
51,RBM14,TATGGA40NAGCC,AAG,GGKUGCGUCG,1,4,monomeric,Primary,Experiment_1,2,,linear,GG[GU]UGCGUCG
52,RBM14,TTAGCA40NGGT,AAG,UGCGUCG,1,4,monomeric,Primary,Replicate,0,,linear,UGCGUCG
53,RBM24,TGAAGA40NATG,AAG,GUGUGNGUGUG,1,4,dimeric,Primary,Experiment_1,1,,linear,GUGUG[AUGC]GUGUG
54,RBM28,TTCTTT40NCAG,AAG,GRGGCCGNGCGGUGG,2,3,monomeric,Primary,Experiment_1,4,,linear,G[AG]GGCCG[AUGC]GCGGUGG
55,RBM28,TTCTTT40NCAG,AAG,GUGGGUCUCGG,1,3,monomeric,Secondary,Experiment_1,0,,linear,GUGGGUCUCGG
56,RBM38,TCGTCC40NGCC,AAG,KKGUGUGUGUGUKK,1,4,monomeric,Primary,Experiment_1,1,,linear,[GU][GU]GUGUGUGUGU[GU][GU]
57,RBM4,TTCGGA40NCGC,AAG,CGGGGURUGN,1,3,monomeric,Secondary,Experiment_1,0,,linear,CGGGGU[AG]UG[AUGC]
58,RBM42,TAGATG40NTAT,EMJ,NGGAACUAAN,1,4b0,monomeric,Primary,Experiment_1,1,,linear,[AUGC]GGAACUAA[AUGC]
59,RBM46,TGGGAG40NAGG,EMO,GUGAUUG,1,4b0,monomeric,Primary,Experiment_1,3,,linear,GUGAUUG
60,RBMS1,TATTCA40NTCAG,AAG,GUAUUUAKNGGG,1,3,monomeric,Secondary,Experiment_1,0,,linear,GUAUUUA[GU][AUGC]GGG
61,RBMS1,TATTCA40NTCAG,AAG,UUAUAAUCAAC,2,3,monomeric,Secondary,Experiment_1,0,,linear,UUAUAAUCAAC
62,RBMS2,TATGCT40NACT,EMO,CAGUGAUUGG,1,4b0,monomeric,Secondary,Replicate,0,,linear,CAGUGAUUGG
63,RBMS2,TATGGT40NATA,EMQ,CGNUAUAUAG,1,4b-,monomeric,Secondary,Experiment_1,0,,linear,CG[AUGC]UAUAUAG
64,RBPMS,TTCGGG40NATGT,AAG,NAGGCACR,1,3,monomeric,Primary,Experiment_1,1,,linear,[AUGC]AGGCAC[AG]
65,RBPMS,TTCGGG40NATGT,AAG,UCACGNGCACN,1,3,dimeric,Secondary,Experiment_1,0,,linear,UCACG[AUGC]GCAC[AUGC]
66,RBPMS2,TCTAAA40NCGC,EMN,CACAGNGCACA,1,4,dimeric,Secondary,Experiment_1,0,,linear,CACAG[AUGC]GCACA
67,RBPMS2,TCTAAA40NCGC,EMN,UCACRUGCACA,1,4,dimeric,Secondary,Experiment_1,0,,linear,UCAC[AG]UGCACA
68,RBPMS2,TCTAAA40NCGC,EMN,UGCACA,1,4,monomeric,Primary,Experiment_1,1,,linear,UGCACA
69,RNPC3,TGCGCT40NTGA,AAG,GGGUSUACGGGGU,2,3,monomeric,Primary,Experiment_1,1,,linear,GGGU[GC]UACGGGGU
70,RNPC3,TTAACA40NTGT,AAH,GGGDDGGGDKUACKKGGK,2,3,monomeric,Primary,Replicate,0,,linear,GGG[GAU][GAU]GGG[GAU][GU]UAC[GU][GU]GG[GU]
71,SART3,TTGGTG40NCTAA,AAG,NGUUAGCRK,1,3,monomeric,Primary,Experiment_1,2,,linear,[AUGC]GUUAGC[AG][GU]
72,SNRNP70,TCTCGT40NGCC,AAH,GNUCANGNNG,1,3,monomeric,Secondary,Experiment_1,0,,linear,G[AUGC]UCA[AUGC]G[AUGC][AUGC]G
73,SNRNP70,TCTCGT40NGCC,AAH,GUUCAAGGUG,1,3,monomeric,Primary,Experiment_1,1,,linear,GUUCAAGGUG
74,SNRPA,TGTCTA40NTCG,AAG,CAUUGCACN,1,2,monomeric,Secondary,Experiment_1,0,,linear,CAUUGCAC[AUGC]
75,SNRPA,TGTCTA40NTCG,AAG,NUGCACR,1,2,monomeric,Primary,Experiment_1,2,,linear,[AUGC]UGCAC[AG]
76,SNRPB2,TGGTCA40NGTG,AAG,GGGUGUGCAC,1,3,monomeric,Secondary,Experiment_1,0,,linear,GGGUGUGCAC
77,SNRPB2,TGGTCA40NGTG,AAG,NNCAUUGCACN,1,3,monomeric,Primary,Experiment_1,2,,linear,[AUGC][AUGC]CAUUGCAC[AUGC]
78,TARDBP,TCAGTA40NACC,AAG,GUGUGAAUGG,1,4,monomeric,Primary,Experiment_1,2,,linear,GUGUGAAUGG
79,TARDBP,TCAGTA40NACC,AAG,GUGUGNGUGUG,1,4,dimeric,Secondary,Experiment_1,0,,linear,GUGUG[AUGC]GUGUG
80,THUMPD1,TCCTGC40NTGCC,AAG,UUCGUGGCUUG,1,3,monomeric,Primary,Experiment_1,1,,linear,UUCGUGGCUUG
81,THUMPD1,TCCTGC40NTGCC,AAG,WGCGCGGUYUU,1,3,monomeric,Secondary,Experiment_1,0,,linear,[AU]GCGCGGU[UC]UU
82,YBX1,TCTTGC40NATAG,AAG,NUAACAUCGGG,1,4,monomeric,Secondary,Experiment_1,0,,linear,[AUGC]UAACAUCGGG
83,YBX2,TCTCAC40NACCT,AAG,GCCAUNNNAUCGC,1,4b-,monomeric,Secondary,Experiment_1,0,,linear,GCCAU[AUGC][AUGC][AUGC]AUCGC
84,YBX2,TCTCAC40NACCT,AAG,NUAACAUCNN,1,4,monomeric,Primary,Experiment_1,1,,linear,[AUGC]UAACAUC[AUGC][AUGC]
85,ZC3H10,TTGAAT40NAAGT,AAG,GCGCAUGCGNN,1,2,dimeric,Primary,Experiment_1,3,,linear,GCGCAUGCG[AUGC][AUGC]
86,ZC3H10,TTGAAT40NAAGT,AAG,NGCGCAGCGUN,1,2,dimeric,Secondary,Experiment_1,0,,linear,[AUGC]GCGCAGCGU[AUGC]
87,ZC3H12A,TGATGA40NCATT,AAG,NUUGCCAWAGUKU,2,4,monomeric,Secondary,Experiment_1,0,,linear,[AUGC]UUGCCA[AU]AGU[GU]U
88,ZC3H12B,TGAATG40NGTAG,AAG,NGCGNCAGUCGGUAGCN,2,3,monomeric,Secondary,Experiment_1,0,Excluded from the analysis Figure6B,linear,[AUGC]GCG[AUGC]CAGUCGGUAGC[AUGC]
89,ZC3H12C,TATGAC40NTCA,AAG,NUGCGNCAGUCGGUAGC,2,4,monomeric,Secondary,Experiment_1,0,Excluded from the analysis Figure6B,linear,[AUGC]UGCG[AUGC]CAGUCGGUAGC
90,ZC3H8,TAAACAG26N,EMO,GCUUGC,1,4b0,monomeric,Primary,Experiment_1,3,,linear,GCUUGC
91,ZCRB1,TAGACC40NGTTA,AAG,GUAUUAAGGG,1,2,monomeric,Primary,Experiment_1,2,,linear,GUAUUAAGGG
92,ZCRB1,TAGACC40NGTTA,AAG,GUGGACUUAANNN,1,2,monomeric,Secondary,Experiment_1,0,,linear,GUGGACUUAA[AUGC][AUGC][AUGC]
93,ZCRB1,TTTGAG40NATT,AAG,GNNUUAAKK,1,3,monomeric,Primary,Replicate,0,,linear,G[AUGC][AUGC]UUAA[GU][GU]
94,ZCRB1,TTTGAG40NATT,AAG,GUGGACUUAA,1,3,monomeric,Secondary,Replicate,0,,linear,GUGGACUUAA
95,ZFP36,TCAAAG40NGAG,AAG,KUAUUUAUGGUGG,2,3,monomeric,Secondary,Experiment_1,0,,linear,[GU]UAUUUAUGGUGG
96,ZFP36,TCAAAG40NGAG,AAG,UUAUUUAUU,1,2,monomeric,Primary,EXperiment_1,2,,linear,UUAUUUAUU
97,ZFR,TAGTTA40NGTG,EMQ,GUGACGGAUG,1,4b0,monomeric,Secondary,Replicate,0,,linear,GUGACGGAUG
98,ZFR,TAGTTA40NGTG,EMQ,GUGCGGAUGN,1,4b0,monomeric,Primary,Replicate,0,,linear,GUGCGGAUG[AUGC]
99,ZFR,TCCTTG40NTGGC,AAG,GGCACGGAUG,1,4,monomeric,Secondary,Experiment_1,0,,linear,GGCACGGAUG
100,ZFR,TCCTTG40NTGGC,AAG,UUGCCGGAUGYCGU,2,4,monomeric,Primary,Experiment_1,1,,linear,UUGCCGGAUG[UC]CGU
101,ZRANB2,TTCACG40NAGT,AAG,NNGGUAGGURRN,1,4,dimeric,Secondary,Experiment_1,0,,linear,[AUGC][AUGC]GGUAGGU[AG][AG][AUGC]
102,ZRANB2,TTCACG40NAGT,AAG,NNNGGUAAGGUNN,1,4,dimeric,Primary,Experiment_1,2,,linear,[AUGC][AUGC][AUGC]GGUAAGGU[AUGC][AUGC]
103,DAZ1,TGACTT40NGGT,EMQ,NUGKUGUUGUAGN,2.0,4b-,,Secondary,Replicate,0,,structured,[AUGC]UG[GU]UGUUGUAG[AUGC]
104,DAZ1,TGGCCT40NATTT,AAG,CRNAAUGUUAGUAGN,2.0,3,,Secondary,Experiment_1,0,,structured,C[AG][AUGC]AAUGUUAGUAG[AUGC]
105,DAZ1,TGGCCT40NATTT,AAG,NNUGUGUGSGUUUCCGSN,2.0,3,,Primary,Experiment_1,2,,structured,[AUGC][AUGC]UGUGUG[GC]GUUUCCG[GC][AUGC]
106,DAZ3,TGAAGA40NACAG,AAH,NNUGUGUGSGUUUCCGSN,2.0,3,,Primary,Experiment_1,1,,structured,[AUGC][AUGC]UGUGUG[GC]GUUUCCG[GC][AUGC]
107,DAZ4,TCTGGT40NGGG,AAH,CUGKUGUUGUAGG,2.0,2,,Secondary,Experiment_1,0,,structured,CUG[GU]UGUUGUAGG
108,DAZ4,TCTGGT40NGGG,AAH,NNUGUGUGSGUUUCCGSN,2.0,2,,Primary,Experiment_1,1,,structured,[AUGC][AUGC]UGUGUG[GC]GUUUCCG[GC][AUGC]
109,DAZL,TCTAGA40NCGA,AAG,NNUGYGUGCGUUUCCGSN,2.0,4,,Primary,Experiment_1,1,,structured,[AUGC][AUGC]UG[UC]GUGCGUUUCCG[GC][AUGC]
110,HNRNPA1,TTTGTT40NTTAG,AAG,NGCAGUUUUAGGGCN,2.0,4,,Primary,Experiment_1,2,,structured,[AUGC]GCAGUUUUAGGGC[AUGC]
111,HNRNPC,TACCGG40NAGT,AAG,NGGGUCUNAUUUUUAAN,2.0,4,,Secondary,Experiment_1,0,,structured,[AUGC]GGGUCU[AUGC]AUUUUUAA[AUGC]
112,HNRNPCL1,TAGCCA40NTAT,AAG,NGGGUCUNAUUUUUAAN,2.0,3,,Secondary,Experiment_1,0,,structured,[AUGC]GGGUCU[AUGC]AUUUUUAA[AUGC]
113,MKRN1,TCGATT40NTTG,AAG,NYGUAAAKUGUAGN,2.0,4,,Primary,Experiment_1,4,,structured,[AUGC][UC]GUAAA[GU]UGUAG[AUGC]
114,RALY,TTGCTG40NCTA,AAG,GGGUCUUWUUUUUAA,2.0,3,,Primary,Experiment_1,1,,structured,GGGUCUU[AU]UUUUUAA
115,RBFOX1,TGGTCG40NTCGG,AAG,GKUGCAUGUG,1.0,2,,Primary,Experiment_1,1,,structured,G[GU]UGCAUGUG
116,RBFOX3,TTGTCT40NGCT,AAG,GUWGCAUGUG,1.0,3,,Primary,Experiment_1,1,,structured,GU[AU]GCAUGUG
117,RBM4,TTCGGA40NCGC,AAG,KGUUGCGCGGG,2.0,3,,Primary,Experiment_1,3,,structured,[GU]GUUGCGCGGG
118,RBM4,TTCGGA40NCGC,AAG,UGAGUGCGGUAG,2.0,3,,Secondary,Experiment_1,0,,structured,UGAGUGCGGUAG
119,RBM4B,TTGCCC40NCTC,AAG,KGUUGCGCGGG,2.0,3,,Primary,Experiment_1,3,,structured,[GU]GUUGCGCGGG
120,RBM4B,TTGCCC40NCTC,AAG,UGAGUGCGGUAG,2.0,3,,Secondary,Experiment_1,0,,structured,UGAGUGCGGUAG
121,RBM6,TTATGA40NCAG,AAG,YRCGCUCCUNGCY,2.0,2,,Primary,Experiment_1,2,,structured,[UC][AG]CGCUCCU[AUGC]GC[UC]
122,RBM6,TTATGA40NCAG,AAG,YRYGCUCGUGCYN,2.0,2,,Secondary,Experiment_1,0,,structured,[UC][AG][UC]GCUCGUGC[UC][AUGC]
123,RBMS1,TATTCA40NTCAG,AAG,SGUGCAUAAKGCN,2.0,3,,Primary,Experiment_1,2,,structured,[GC]GUGCAUAA[GU]GC[AUGC]
124,RBMS2,TATGGT40NATA,EMQ,NUGCAUAAUGN,2.0,4b-,,Primary,Experiment_1,2,,structured,[AUGC]UGCAUAAUG[AUGC]
125,RBMS3,TTTGAC40NGGT,EMO,NUGCAUAAUGN,1.0,4b0,,Primary,Experiment_1,1,,structured,[AUGC]UGCAUAAUG[AUGC]
126,RBMS3,TTTGAC40NGGT,EMO,SAUGYAURAKKUG,2.0,4b0,,Secondary,Experiment_1,0,,structured,[GC]AUG[UC]AU[AG]A[GU][GU]UG
127,RBMY1E,TGGTGG40NTAA,EMO,NAGCUUNGUGCUN,1.0,4b0,,Secondary,Experiment_1,0,,structured,[AUGC]AGCUU[AUGC]GUGCU[AUGC]
128,RBMY1E,TGGTGG40NTAA,EMO,NGCUUCGNGCN,1.0,4b0,,Primary,Experiment_1,1,,structured,[AUGC]GCUUCG[AUGC]GC[AUGC]
129,RBMY1F,TACCTC40NATT,AAG,GCGCAAGAGC,1.0,4,,Secondary,Experiment_1,0,,structured,GCGCAAGAGC
130,RBMY1F,TACCTC40NATT,AAG,NGCCCUCAAGGYN,1.0,4,,Primary,Experiment_1,1,,structured,[AUGC]GCCCUCAAGG[UC][AUGC]
131,RBMY1J,TCATAG40NGGT,AAG,GCGCAAGAGC,1.0,4b-,,Secondary,Experiment_1,0,,structured,GCGCAAGAGC
132,RBMY1J,TCATAG40NGGT,AAG,NGCCCUCAAGGYN,1.0,4b-,,Primary,Experiment_1,1,,structured,[AUGC]GCCCUCAAGG[UC][AUGC]
133,RBMY1J,TCATAG40NGGT,AAG,NGCGUCGUGGCN,1.0,4b-,,Secondary,Experiment_1,0,,structured,[AUGC]GCGUCGUGGC[AUGC]
134,RBMY1J,TCATAG40NGGT,AAG,UGAAUUCGUCN,1.0,4b-,,Secondary,Experiment_1,0,,structured,UGAAUUCGUC[AUGC]
135,RC3H1,TGCTAA40NAACA,AAG,YRCGUUUUAGKR,1.0,4,,Primary,Experiment_1,1,,structured,[UC][AG]CGUUUUAG[GU][AG]
136,RC3H2,TCTTGC40NTTC,AAG,CCUCUNUGAGG,1.0,2,,Secondary,Experiment_1,0,,structured,CCUCU[AUGC]UGAGG
137,RC3H2,TCTTGC40NTTC,AAG,CUCGUAUCGAG,1.0,2,,Secondary,Experiment_1,0,,structured,CUCGUAUCGAG
138,RC3H2,TCTTGC40NTTC,AAG,CURCGUUUUAGKAG,2.0,2,,Primary,Experiment_1,1,,structured,CU[AG]CGUUUUAG[GU]AG
139,RNPC3,TGCGCT40NTGA,AAG,GCAGUKUUAGGGY,1.0,3,,Secondary,Experiment_1,0,,structured,GCAGU[GU]UUAGGG[UC]
140,YBX1,TCTTGC40NATAG,AAG,RCCAYRHCAUCGY,1.0,4,,Primary,Experiment_1,1,,structured,[AG]CCA[UC][AG][AUC]CAUCG[UC]
141,ZC3H12A,TGATGA40NCATT,AAG,NGCAGGUAAGUGCN,2.0,4,,Primary,Experiment_1,1,,structured,[AUGC]GCAGGUAAGUGC[AUGC]
142,ZC3H12B,TGAATG40NGTAG,AAG,NGCAGGUAAGUGSN,2.0,2,,Primary,Experiment_1,1,,structured,[AUGC]GCAGGUAAGUG[GC][AUGC]
143,ZC3H12B,TGAATG40NGTAG,AAG,SCAGGUAUUAUGS,2.0,2,,Secondary,Experiment_1,0,,structured,[GC]CAGGUAUUAUG[GC]
144,ZC3H12C,TATGAC40NTCA,AAG,NCAGGUAAGUGN,2.0,3,,Primary,Experiment_1,1,,structured,[AUGC]CAGGUAAGUG[AUGC]
