prefix,model_params,pairs,structure,energy,structure_rm_isolated,Gene Symbol,Barcode,Batch,seed,multinomial,cycle,Mono or multimer,Motif type,Experiment,Number of RBDs in the construct,Note,motif_type,seed_regex
0,0_BOLL_TGTTCG40NGAC_EMJ_4-91-44-166.51-3.model_params,"[(('U', 'G'), (10, 13)), (('U', 'U'), (24, 32)), (('A', 'U'), (26, 32)), (('.', '.'), (27, 30)), (('.', '.'), (27, 31)), (('.', '.'), (34, 37)), (('.', '.'), (34, 38)), (('G', 'G'), (44, 47)), (('G', 'G'), (47, 50))]",......................(..).............,0.5550371918570888,.......................................,BOLL,TCCCAA40NGCGC,AAG,KUGUUGUGUUKK,1.0,3,monomeric,Primary,Experiment_1,1,,linear,[GU]UGUUGUGUU[GU][GU]
100,100_ZFR-construct4_TCCTTG40NTGGC_AAG_4-999-13-73.51-27.model_params,"[(('U', 'C'), (15, 18)), (('C', 'C'), (25, 33)), (('C', 'G'), (25, 34)), (('.', '.'), (26, 31)), (('.', '.'), (26, 32)), (('.', '.'), (27, 30)), (('.', '.'), (27, 31))]",........................................,0.0,........................................,ZFR,TCCTTG40NTGGC,AAG,UUGCCGGAUGYCGU,2.0,4,monomeric,Primary,Experiment_1,1,,linear,UUGCCGGAUG[UC]CGU
101,101_ZRANB2_TTCACG40NAGT_AAG_4-87-4-21.05-130.model_params,"[(('C', 'G'), (2, 5)), (('A', '.'), (10, 16)), (('A', 'G'), (10, 17)), (('.', '.'), (11, 15)), (('.', '.'), (11, 16)), (('.', '.'), (12, 15)), (('U', 'A'), (19, 23)), (('A', '.'), (23, 35)), (('.', '.'), (24, 35)), (('A', 'G'), (25, 36)), (('.', '.'), (26, 34)), (('.', '.'), (26, 35)), (('.', '.'), (27, 33)), (('.', '.'), (27, 34)), (('.', '.'), (27, 35)), (('.', '.'), (28, 32)), (('.', '.'), (28, 33)), (('G', 'G'), (36, 39)), (('G', 'U'), (36, 40)), (('A', '.'), (41, 49)), (('A', 'G'), (41, 50)), (('.', '.'), (42, 48)), (('.', '.'), (42, 49)), (('.', '.'), (43, 47)), (('.', '.'), (43, 48)), (('.', '.'), (44, 47)), (('A', 'U'), (54, 57)), (('G', 'G'), (60, 63))]",..(..)..................................,0.8032149935873873,........................................,ZRANB2,TTCACG40NAGT,AAG,NNGGUAGGURRN,1.0,4,dimeric,Secondary,Experiment_1,0,,linear,[AUGC][AUGC]GGUAGGU[AG][AG][AUGC]
102,102_ZRANB2_TTCACG40NAGT_AAG_4-87-4-21.05-130.model_params,"[(('C', 'G'), (2, 5)), (('A', '.'), (10, 16)), (('A', 'G'), (10, 17)), (('.', '.'), (11, 15)), (('.', '.'), (11, 16)), (('.', '.'), (12, 15)), (('U', 'A'), (19, 23)), (('A', '.'), (23, 35)), (('.', '.'), (24, 35)), (('A', 'G'), (25, 36)), (('.', '.'), (26, 34)), (('.', '.'), (26, 35)), (('.', '.'), (27, 33)), (('.', '.'), (27, 34)), (('.', '.'), (27, 35)), (('.', '.'), (28, 32)), (('.', '.'), (28, 33)), (('G', 'G'), (36, 39)), (('G', 'U'), (36, 40)), (('A', '.'), (41, 49)), (('A', 'G'), (41, 50)), (('.', '.'), (42, 48)), (('.', '.'), (42, 49)), (('.', '.'), (43, 47)), (('.', '.'), (43, 48)), (('.', '.'), (44, 47)), (('A', 'U'), (54, 57)), (('G', 'G'), (60, 63))]",..(..)..................................,0.8032149935873873,........................................,ZRANB2,TTCACG40NAGT,AAG,NNNGGUAAGGUNN,1.0,4,dimeric,Primary,Experiment_1,2,,linear,[AUGC][AUGC][AUGC]GGUAAGGU[AUGC][AUGC]
103,103_DAZ1-construct2_TGGCCT40NATTT_AAG_4-979-5-27.58-42.model_params,"[(('C', 'C'), (16, 19)), (('C', 'G'), (16, 37)), (('G', 'C'), (17, 36)), (('C', 'G'), (19, 34)), (('C', 'G'), (19, 35)), (('G', 'G'), (21, 24)), (('G', 'C'), (39, 42))]",................(((...........))).......,3.119855889365586,................(((...........))).......,DAZ1,TGACTT40NGGT,EMQ,NUGKUGUUGUAGN,2.0,4b-,,Secondary,Replicate,0,,structured,[AUGC]UG[GU]UGUUGUAG[AUGC]
103,103_DAZ1-construct3_TCATTC40NAGGC_AAG_4-3314-1-12.02-1493.model_params,"[(('G', 'G'), (0, 3)), (('U', 'U'), (9, 19)), (('G', 'U'), (10, 13)), (('G', 'G'), (17, 45)), (('G', 'A'), (18, 34)), (('U', 'A'), (23, 32)), (('U', '.'), (31, 36)), (('A', 'A'), (32, 35)), (('A', 'G'), (40, 43))]",(..).....(........).....(..)............,0.5772773833213269,........................................,DAZ1,TGACTT40NGGT,EMQ,NUGKUGUUGUAGN,2.0,4b-,,Secondary,Replicate,0,,structured,[AUGC]UG[GU]UGUUGUAG[AUGC]
103,103_DAZ1_TTGGAC40NAATT_AAG_4-733-14-91.47-11.model_params,"[(('G', 'G'), (9, 13)), (('A', 'G'), (10, 13)), (('G', 'U'), (17, 22)), (('.', '.'), (18, 21)), (('U', 'G'), (25, 31)), (('.', '.'), (26, 29)), (('.', 'A'), (26, 30)), (('U', 'U'), (34, 37)), (('U', 'G'), (40, 43)), (('U', '.'), (48, 51))]",..................................,0.0,..................................,DAZ1,TGACTT40NGGT,EMQ,NUGKUGUUGUAGN,2.0,4b-,,Secondary,Replicate,0,,structured,[AUGC]UG[GU]UGUUGUAG[AUGC]
104,104_DAZ1-construct2_TGGCCT40NATTT_AAG_4-85-120-662.02-0.model_params,"[(('G', 'C'), (1, 30)), (('C', 'A'), (2, 5)), (('G', 'G'), (3, 25)), (('U', 'G'), (10, 22)), (('A', 'G'), (11, 22)), (('A', 'U'), (11, 23)), (('.', '.'), (12, 20)), (('.', '.'), (13, 20)), (('A', 'U'), (24, 47)), (('G', 'C'), (26, 30)), (('G', 'G'), (26, 31)), (('.', 'C'), (27, 44)), (('G', 'U'), (31, 37)), (('G', 'G'), (31, 38)), (('G', 'C'), (41, 44)), (('U', 'U'), (42, 45)), (('U', 'A'), (45, 54)), (('U', 'A'), (47, 50))]",.(.(...........).)........(........)....,0.8226563025450577,........................................,DAZ1,TGGCCT40NATTT,AAG,CRNAAUGUUAGUAGN,2.0,3,,Secondary,Experiment_1,0,,structured,C[AG][AUGC]AAUGUUAGUAG[AUGC]
104,104_DAZ1-construct3_TCATTC40NAGGC_AAG_4-78-123-1478.83-0.model_params,"[(('C', 'A'), (0, 3)), (('U', 'G'), (7, 14)), (('A', 'G'), (8, 14)), (('A', 'C'), (8, 15)), (('G', 'G'), (14, 19)), (('C', 'G'), (15, 19)), (('C', 'U'), (15, 20)), (('G', 'A'), (19, 23)), (('U', 'A'), (20, 23)), (('U', 'G'), (20, 32)), (('G', 'U'), (26, 29)), (('.', 'U'), (31, 38)), (('U', 'G'), (33, 36)), (('A', 'C'), (34, 37)), (('G', 'G'), (41, 44)), (('C', 'C'), (45, 48)), (('C', 'A'), (45, 49)), (('C', 'A'), (46, 49))]",............(.......)(..)....(..)(..)...,0.8630635087005083,........................................,DAZ1,TGGCCT40NATTT,AAG,CRNAAUGUUAGUAGN,2.0,3,,Secondary,Experiment_1,0,,structured,C[AG][AUGC]AAUGUUAGUAG[AUGC]
104,104_DAZ1_TTGGAC40NAATT_AAG_4-978-9-58.80-9.model_params,"[(('.', '.'), (1, 4)), (('A', 'A'), (10, 14)), (('U', 'A'), (21, 28)), (('.', '.'), (22, 26)), (('.', '.'), (22, 27)), (('.', '.'), (23, 26)), (('U', 'G'), (33, 40)), (('.', '.'), (34, 38)), (('.', '.'), (34, 39)), (('G', 'G'), (40, 43)), (('G', 'U'), (40, 44)), (('U', 'U'), (45, 48)), (('U', 'G'), (45, 49)), (('U', '.'), (54, 57))]",.............................,0.0,.............................,DAZ1,TGGCCT40NATTT,AAG,CRNAAUGUUAGUAGN,2.0,3,,Secondary,Experiment_1,0,,structured,C[AG][AUGC]AAUGUUAGUAG[AUGC]
105,105_DAZ1-construct2_TGGCCT40NATTT_AAG_4-979-5-27.58-172.model_params,"[(('G', 'C'), (2, 5)), (('G', 'U'), (2, 7)), (('G', 'U'), (3, 7)), (('G', 'U'), (4, 7)), (('G', 'C'), (4, 8)), (('C', 'C'), (5, 8)), (('U', 'C'), (10, 13)), (('G', 'C'), (17, 20)), (('C', 'G'), (20, 37)), (('U', 'G'), (22, 36)), (('U', 'G'), (33, 36))]",...(..)..(..)....((............)).......,1.455814226369058,.................((............)).......,DAZ1,TGGCCT40NATTT,AAG,NNUGUGUGSGUUUCCGSN,2.0,3,,Primary,Experiment_1,2,,structured,[AUGC][AUGC]UGUGUG[GC]GUUUCCG[GC][AUGC]
105,105_DAZ1_TTGGAC40NAATT_AAG_4-924-10-65.34-6.model_params,"[(('G', 'C'), (14, 36)), (('G', 'C'), (15, 35)), (('C', 'U'), (16, 19)), (('C', 'G'), (16, 34)), (('U', 'U'), (24, 30)), (('C', 'C'), (36, 39))]",..............(((....(.....)...))).....,4.227684147477748,..............(((..............))).....,DAZ1,TGGCCT40NATTT,AAG,NNUGUGUGSGUUUCCGSN,2.0,3,,Primary,Experiment_1,2,,structured,[AUGC][AUGC]UGUGUG[GC]GUUUCCG[GC][AUGC]
106,106_DAZ3_TGAAGA40NACAG_AAH_3-993-10-34.81-320.model_params,"[(('G', 'U'), (8, 11)), (('C', 'G'), (13, 38)), (('G', 'U'), (14, 37)), (('U', 'G'), (15, 36)), (('U', 'G'), (16, 22)), (('U', 'U'), (16, 23)), (('U', 'G'), (16, 35)), (('G', 'G'), (22, 35)), (('U', 'G'), (23, 35)), (('U', 'U'), (26, 32)), (('G', 'U'), (28, 32)), (('G', 'A'), (38, 41))]",............((((...(.....)..))))......,5.430475035631514,............((((............))))......,DAZ3,TGAAGA40NACAG,AAH,NNUGUGUGSGUUUCCGSN,2.0,3,,Primary,Experiment_1,1,,structured,[AUGC][AUGC]UGUGUG[GC]GUUUCCG[GC][AUGC]
107,107_DAZ4_TGCCGT40NCTT_AAG_4-997-24-110.09-25.model_params,"[(('G', 'U'), (2, 21)), (('C', 'G'), (3, 20)), (('G', 'C'), (4, 19)), (('C', 'G'), (5, 18)), (('U', 'G'), (6, 17)), (('U', 'G'), (6, 18)), (('U', 'C'), (6, 19))]",...((((.........))))...................,9.440682065323417,...((((.........))))...................,DAZ4,TCTGGT40NGGG,AAH,CUGKUGUUGUAGG,2.0,2,,Secondary,Experiment_1,0,,structured,CUG[GU]UGUUGUAGG
108,108_DAZ4_TGCCGT40NCTT_AAG_4-997-24-110.09-1.model_params,"[(('G', 'C'), (3, 25)), (('G', 'C'), (4, 24)), (('C', 'G'), (5, 23)), (('G', 'C'), (6, 22)), (('U', 'G'), (7, 21)), (('U', 'G'), (9, 21)), (('U', 'C'), (9, 22)), (('C', 'G'), (10, 21)), (('C', 'U'), (12, 18)), (('C', 'U'), (14, 18))]",...(((((....(.....)..))))).............,10.472876785703807,...(((((.............))))).............,DAZ4,TCTGGT40NGGG,AAH,NNUGUGUGSGUUUCCGSN,2.0,2,,Primary,Experiment_1,1,,structured,[AUGC][AUGC]UGUGUG[GC]GUUUCCG[GC][AUGC]
109,109_DAZL_TGCCCT40NACCT_AAG_4-98-33-251.13-1.model_params,"[(('U', 'C'), (0, 3)), (('C', 'G'), (2, 5)), (('U', 'G'), (11, 17)), (('.', '.'), (12, 15)), (('.', '.'), (12, 16)), (('.', '.'), (13, 16)), (('G', 'C'), (17, 36)), (('G', 'C'), (18, 35)), (('U', 'G'), (19, 33)), (('G', 'C'), (33, 36)), (('U', 'G'), (39, 42)), (('G', 'G'), (40, 43)), (('C', 'U'), (41, 44))]",............((..............))...(..)...,1.6185594445270075,............((..............))..........,DAZL,TCTAGA40NCGA,AAG,NNUGYGUGCGUUUCCGSN,2.0,4,,Primary,Experiment_1,1,,structured,[AUGC][AUGC]UG[UC]GUGCGUUUCCG[GC][AUGC]
10,10_DAZAP1_TTTCGT40NACAT_AAG_4-927-12-62.87-62.model_params,"[(('G', 'U'), (16, 24)), (('U', '.'), (17, 23)), (('U', 'U'), (17, 24)), (('.', '.'), (18, 22)), (('.', '.'), (18, 23)), (('.', '.'), (19, 22)), (('A', 'U'), (28, 40)), (('G', 'G'), (29, 32)), (('.', '.'), (31, 38)), (('.', 'U'), (31, 40)), (('G', '.'), (32, 38)), (('G', 'U'), (32, 39)), (('.', '.'), (33, 37)), (('.', '.'), (33, 38)), (('.', '.'), (34, 37))]",...............(...).............,1.0987495141229715,.................................,DAZAP1,TGCAAG40NAAC,AAG,UUAGGUUAGG,1.0,4,dimeric,Primary,Experiment_1,2,,linear,UUAGGUUAGG
110,110_HNRNPA1_TTTGTT40NTTAG_AAG_4-917-9-79.57-95.model_params,"[(('A', 'U'), (7, 24)), (('A', 'U'), (8, 23)), (('G', 'C'), (9, 22)), (('C', 'C'), (10, 22)), (('G', 'U'), (20, 23)), (('A', 'G'), (34, 37))]",.......(((...........))).........(..)...,3.54636266745806,.......(((...........)))................,HNRNPA1,TTTGTT40NTTAG,AAG,NGCAGUUUUAGGGCN,2.0,4,,Primary,Experiment_1,2,,structured,[AUGC]GCAGUUUUAGGGC[AUGC]
111,111_HNRNPC_TTCTTG40NCTTT_AAH_3-8-16-90.69-2.model_params,"[(('G', 'A'), (10, 17)), (('G', 'A'), (11, 17)), (('.', '.'), (12, 15)), (('.', '.'), (12, 16)), (('A', 'U'), (18, 21)), (('U', 'U'), (21, 33)), (('.', '.'), (22, 31)), (('.', '.'), (22, 32)), (('.', '.'), (23, 30)), (('.', '.'), (23, 31)), (('.', '.'), (24, 29)), (('.', '.'), (24, 30)), (('.', '.'), (25, 29)), (('U', 'A'), (36, 45)), (('.', '.'), (37, 43)), (('.', '.'), (37, 44)), (('.', '.'), (38, 42)), (('.', '.'), (38, 43)), (('.', '.'), (38, 44)), (('.', '.'), (39, 42)), (('A', 'U'), (45, 48)), (('U', 'U'), (48, 51)), (('U', 'U'), (48, 52)), (('G', 'G'), (62, 65))]",..........(..)...............(..)..,1.426625342015364,...................................,HNRNPC,TACCGG40NAGT,AAG,NGGGUCUNAUUUUUAAN,2.0,4,,Secondary,Experiment_1,0,,structured,[AUGC]GGGUCU[AUGC]AUUUUUAA[AUGC]
112,112_HNRNPCL1_TAGCCA40NTAT_AAG_4-99-107-746.85-0.model_params,"[(('C', 'A'), (15, 36)), (('G', 'C'), (16, 35)), (('C', 'G'), (17, 20)), (('C', 'A'), (17, 34)), (('C', 'U'), (22, 27)), (('A', 'U'), (24, 27)), (('U', 'U'), (27, 31))]",..............(((........(...)..))).....,2.8530140742084567,..............(((...............))).....,HNRNPCL1,TAGCCA40NTAT,AAG,NGGGUCUNAUUUUUAAN,2.0,3,,Secondary,Experiment_1,0,,structured,[AUGC]GGGUCU[AUGC]AUUUUUAA[AUGC]
113,113_MKRN1_TCGTGA40NGTC_EMQ_4-99-135-846.83-1.model_params,"[(('G', 'U'), (4, 21)), (('C', 'G'), (5, 20)), (('G', 'C'), (6, 19)), (('U', 'G'), (7, 18)), (('U', 'C'), (7, 19)), (('C', 'C'), (24, 29)), (('.', '.'), (25, 28))]",....((((..........)))).................,9.794351830476472,....((((..........)))).................,MKRN1,TCGATT40NTTG,AAG,NYGUAAAKUGUAGN,2.0,4,,Primary,Experiment_1,4,,structured,[AUGC][UC]GUAAA[GU]UGUAG[AUGC]
114,114_RALY_TTGCTG40NCTA_AAG_4-97-195-790.91-0.model_params,"[(('A', 'G'), (11, 14)), (('G', 'C'), (14, 39)), (('C', 'G'), (15, 38)), (('G', 'C'), (16, 37)), (('C', 'G'), (40, 43))]",............(((...............)))(..)...,5.068428061947361,............(((...............))).......,RALY,TTGCTG40NCTA,AAG,GGGUCUUWUUUUUAA,2.0,3,,Primary,Experiment_1,1,,structured,GGGUCUU[AU]UUUUUAA
115,115_RBFOX1-construct2_TTGCGA40NTACG_AAG_4-992-1-6.10-160746.model_params,"[(('U', 'U'), (2, 5)), (('C', 'G'), (4, 7)), (('G', 'U'), (13, 21)), (('U', 'U'), (14, 21)), (('U', 'U'), (15, 21)), (('U', 'G'), (15, 22)), (('G', '.'), (31, 38))]",....(..)..............................,0.6416298440694883,......................................,RBFOX1,TGGTCG40NTCGG,AAG,GKUGCAUGUG,1.0,2,,Primary,Experiment_1,1,,structured,G[GU]UGCAUGUG
115,115_RBFOX1-construct4_TGGTCG40NTCGG_AAG_4-99-119-749.21-0.model_params,"[(('G', 'C'), (7, 24)), (('C', 'G'), (8, 23)), (('G', 'C'), (9, 22)), (('G', 'U'), (10, 21)), (('U', 'U'), (13, 19))]",.......((((..(.....).))))..,10.103983291229977,.......((((..........))))..,RBFOX1,TGGTCG40NTCGG,AAG,GKUGCAUGUG,1.0,2,,Primary,Experiment_1,1,,structured,G[GU]UGCAUGUG
115,115_RBFOX1_TGTCTT40NTTC_AAG_4-969-1-6.43-153461.model_params,"[(('G', 'G'), (17, 21)), (('G', 'G'), (18, 21)), (('G', 'U'), (18, 22)), (('G', 'A'), (33, 36)), (('G', 'G'), (33, 37)), (('G', 'G'), (34, 37))]",...............................(..)...,1.3734238530859515,......................................,RBFOX1,TGGTCG40NTCGG,AAG,GKUGCAUGUG,1.0,2,,Primary,Experiment_1,1,,structured,G[GU]UGCAUGUG
116,116_RBFOX3_TTGTCT40NGCT_AAG_4-97-88-461.38-0.model_params,"[(('U', 'A'), (0, 13)), (('G', 'C'), (1, 12)), (('G', 'A'), (1, 13)), (('G', 'C'), (2, 12)), (('U', 'U'), (3, 10)), (('U', 'C'), (3, 12)), (('U', 'U'), (4, 10)), (('G', '.'), (16, 23)), (('U', '.'), (18, 23)), (('.', '.'), (19, 22)), (('.', '.'), (19, 23)), (('U', 'G'), (28, 34)), (('.', '.'), (29, 32)), (('.', '.'), (29, 33))]",((.(......).)).........................,6.685144977041061,((..........)).........................,RBFOX3,TTGTCT40NGCT,AAG,GUWGCAUGUG,1.0,3,,Primary,Experiment_1,1,,structured,GU[AU]GCAUGUG
117,117_RBM4_TTCGGA40NCGC_AAG_4-997-17-72.02-44.model_params,"[(('U', 'U'), (0, 3)), (('.', '.'), (13, 24)), (('.', '.'), (13, 25)), (('.', '.'), (14, 23)), (('.', '.'), (14, 24)), (('.', '.'), (15, 22)), (('.', '.'), (15, 23)), (('.', '.'), (16, 21)), (('.', '.'), (16, 22)), (('C', '.'), (29, 32)), (('A', 'C'), (30, 33)), (('A', 'G'), (36, 39)), (('U', 'U'), (38, 41)), (('G', 'U'), (39, 42)), (('.', '.'), (43, 46))]",(..)..................................,0.7216573878777202,......................................,RBM4,TTCGGA40NCGC,AAG,KGUUGCGCGGG,2.0,3,,Primary,Experiment_1,3,,structured,[GU]GUUGCGCGGG
118,118_RBM4_TTCGGA40NCGC_AAG_4-997-17-72.02-40.model_params,"[(('C', 'C'), (1, 4)), (('U', 'C'), (2, 5)), (('C', 'G'), (12, 15)), (('C', 'G'), (16, 49)), (('G', 'C'), (17, 48)), (('U', 'G'), (18, 46)), (('G', 'G'), (21, 26)), (('U', 'G'), (22, 26)), (('U', 'G'), (31, 46)), (('A', 'G'), (32, 46)), (('.', '.'), (33, 44)), (('.', '.'), (33, 45)), (('.', '.'), (34, 43)), (('.', '.'), (34, 44)), (('.', '.'), (34, 45)), (('.', '.'), (35, 43)), (('.', '.'), (36, 42)), (('.', '.'), (36, 43))]",............(..)(((..........)))........,3.1142872523836944,................(((..........)))........,RBM4,TTCGGA40NCGC,AAG,UGAGUGCGGUAG,2.0,3,,Secondary,Experiment_1,0,,structured,UGAGUGCGGUAG
119,119_RBM4B_TTGCCC40NCTC_AAG_4-97-190-789.24-0.model_params,"[(('G', 'U'), (1, 4)), (('U', 'C'), (11, 17)), (('C', 'C'), (12, 17)), (('.', '.'), (13, 16)), (('A', 'G'), (23, 37)), (('A', 'U'), (23, 40)), (('.', 'G'), (25, 37)), (('U', 'U'), (28, 31)), (('U', 'U'), (31, 40)), (('G', 'G'), (42, 45))]",...................(..............).....,0.3931419514958733,........................................,RBM4B,TTGCCC40NCTC,AAG,KGUUGCGCGGG,2.0,3,,Primary,Experiment_1,3,,structured,[GU]GUUGCGCGGG
11,11_DAZL_TGCCCT40NACCT_AAG_4-991-4-30.44-482.model_params,"[(('.', 'G'), (0, 3)), (('U', 'G'), (14, 19)), (('.', '.'), (15, 18)), (('.', '.'), (20, 28)), (('U', 'G'), (21, 29)), (('.', '.'), (22, 27)), (('.', '.'), (22, 28)), (('.', '.'), (23, 26)), (('.', '.'), (23, 27)), (('.', '.'), (23, 28)), (('U', 'U'), (30, 34)), (('A', '.'), (35, 42)), (('.', '.'), (36, 41)), (('.', '.'), (36, 42)), (('.', '.'), (37, 41)), (('U', 'A'), (47, 50)), (('G', 'G'), (51, 54))]",......................................,0.0,......................................,DAZL,TCTAGA40NCGA,AAG,GUUGUUGUUG,1.0,4,dimeric,Secondary,Experiment_1,0,,linear,GUUGUUGUUG
120,120_RBM4B_TTGCCC40NCTC_AAG_4-941-8-33.23-79.model_params,"[(('U', 'U'), (1, 4)), (('U', 'A'), (2, 5)), (('C', 'G'), (3, 6)), (('A', 'U'), (7, 10)), (('U', 'G'), (10, 16)), (('U', 'G'), (11, 16)), (('U', 'C'), (11, 17)), (('C', 'C'), (17, 20)), (('C', 'U'), (17, 21)), (('U', 'U'), (18, 21)), (('U', 'U'), (21, 28)), (('C', 'U'), (22, 25)), (('G', 'G'), (23, 33)), (('U', 'G'), (25, 57)), (('G', 'G'), (26, 33)), (('G', 'G'), (26, 34)), (('U', 'G'), (28, 33)), (('U', 'G'), (28, 34)), (('U', 'U'), (28, 50)), (('.', '.'), (29, 32)), (('G', 'G'), (34, 47)), (('G', 'C'), (34, 58)), (('U', 'A'), (45, 48)), (('U', 'G'), (45, 57)), (('A', 'G'), (48, 51)), (('G', 'C'), (49, 52)), (('G', 'A'), (51, 56)), (('C', 'U'), (52, 55)), (('G', 'A'), (53, 56)), (('C', 'C'), (58, 61))]",..(..).......(..)...(..)(..(..)(..))(..),1.562111335816502,........................................,RBM4B,TTGCCC40NCTC,AAG,UGAGUGCGGUAG,2.0,3,,Secondary,Experiment_1,0,,structured,UGAGUGCGGUAG
121,121_RBM6_TTTCGT40NGTA_AAH_3-98-242-963.42-1.model_params,"[(('C', 'C'), (11, 14)), (('C', 'C'), (28, 38)), (('G', 'C'), (30, 38)), (('.', '.'), (31, 36)), (('.', '.'), (31, 37)), (('C', 'C'), (38, 50)), (('G', 'C'), (39, 50)), (('U', 'C'), (46, 49))]",............................(......(..)),2.466022704881801,........................................,RBM6,TTATGA40NCAG,AAG,YRCGCUCCUNGCY,2.0,2,,Primary,Experiment_1,2,,structured,[UC][AG]CGCUCCU[AUGC]GC[UC]
122,122_RBM6_TTTCGT40NGTA_AAH_3-98-242-963.42-0.model_params,"[(('C', 'A'), (0, 27)), (('A', '.'), (1, 18)), (('A', 'U'), (1, 19)), (('A', 'G'), (1, 35)), (('C', '.'), (2, 18)), (('C', 'U'), (2, 19)), (('C', 'A'), (2, 27)), (('G', 'C'), (3, 6)), (('.', '.'), (12, 17)), (('.', '.'), (12, 18)), (('.', '.'), (13, 17)), (('.', '.'), (13, 18)), (('A', 'G'), (27, 35)), (('.', '.'), (28, 33)), (('.', '.'), (28, 34)), (('.', '.'), (29, 32)), (('.', '.'), (29, 33)), (('.', '.'), (29, 34)), (('.', '.'), (37, 44)), (('.', '.'), (37, 45)), (('.', '.'), (37, 46)), (('.', '.'), (38, 43)), (('.', '.'), (38, 44)), (('.', '.'), (38, 45)), (('.', '.'), (38, 46)), (('.', '.'), (39, 43)), (('.', '.'), (39, 44)), (('.', '.'), (39, 45)), (('.', '.'), (39, 46)), (('.', '.'), (40, 43)), (('A', 'C'), (47, 52)), (('G', 'C'), (48, 52)), (('A', 'A'), (60, 63)), (('U', 'G'), (64, 67)), (('U', 'U'), (65, 68))]",((.(..)....))............(..)(..).......,3.559103897806741,((.........))...........................,RBM6,TTATGA40NCAG,AAG,YRYGCUCGUGCYN,2.0,2,,Secondary,Experiment_1,0,,structured,[UC][AG][UC]GCUCGUGC[UC][AUGC]
123,123_RBMS1_TGAGAG40NCGC_AAG_4-928-12-70.97-88.model_params,"[(('G', 'C'), (0, 16)), (('G', 'C'), (1, 15)), (('C', 'G'), (2, 14)), (('G', 'C'), (3, 13)), (('G', 'G'), (3, 14)), (('G', 'C'), (3, 15)), (('C', 'A'), (16, 19))]",((((.........)))).......................,7.395934496411009,((((.........)))).......................,RBMS1,TATTCA40NTCAG,AAG,SGUGCAUAAKGCN,2.0,3,,Primary,Experiment_1,2,,structured,[GC]GUGCAUAA[GU]GC[AUGC]
124,124_RBMS2_TATGGT40NATA_EMQ_4-945-7-34.12-157.model_params,"[(('U', 'C'), (5, 8)), (('G', 'G'), (11, 14)), (('G', 'C'), (12, 15)), (('U', 'G'), (16, 19)), (('A', 'G'), (17, 20)), (('G', 'G'), (21, 30)), (('.', '.'), (22, 28)), (('.', '.'), (22, 29)), (('.', '.'), (23, 27)), (('.', '.'), (23, 28)), (('G', 'A'), (30, 44)), (('C', 'G'), (31, 43)), (('A', 'U'), (32, 42))]",.....(..)...........(((.........))).....,2.4447636169966804,....................(((.........))).....,RBMS2,TATGGT40NATA,EMQ,NUGCAUAAUGN,2.0,4b-,,Primary,Experiment_1,2,,structured,[AUGC]UGCAUAAUG[AUGC]
125,125_RBMS3_TTTGAC40NGGT_EMO_4-98-7-159.12-1.model_params,"[(('U', 'C'), (0, 11)), (('U', 'A'), (0, 12)), (('U', 'A'), (2, 5)), (('G', 'U'), (3, 6)), (('U', 'G'), (4, 9)), (('G', 'A'), (7, 12)), (('G', 'G'), (15, 19)), (('G', 'G'), (15, 20)), (('G', 'A'), (15, 23)), (('G', 'C'), (19, 22)), (('G', 'A'), (19, 23)), (('C', 'G'), (27, 33)), (('C', 'C'), (27, 34)), (('C', 'A'), (40, 43)), (('C', 'G'), (40, 44)), (('A', 'G'), (41, 44)), (('C', 'A'), (42, 45)), (('C', 'G'), (42, 46))]",(.(..)......).(..)......................,1.113850969814134,........................................,RBMS3,TTTGAC40NGGT,EMO,NUGCAUAAUGN,1.0,4b0,,Primary,Experiment_1,1,,structured,[AUGC]UGCAUAAUG[AUGC]
126,126_RBMS3_TTTGAC40NGGT_EMO_4-899-1-22.73-38487.model_params,"[(('C', 'G'), (2, 15)), (('A', 'C'), (3, 6)), (('C', 'U'), (6, 23)), (('A', 'A'), (7, 22)), (('C', 'G'), (8, 20)), (('A', 'U'), (9, 12)), (('U', 'G'), (12, 15)), (('A', 'A'), (13, 16)), (('G', 'U'), (15, 18)), (('A', 'G'), (22, 37)), (('U', 'G'), (23, 37)), (('U', 'U'), (23, 38)), (('.', '.'), (24, 34)), (('.', '.'), (24, 35)), (('.', '.'), (24, 36)), (('.', '.'), (25, 33)), (('.', '.'), (25, 34)), (('.', '.'), (25, 35)), (('.', '.'), (25, 36)), (('.', '.'), (26, 33)), (('.', '.'), (26, 34)), (('.', '.'), (26, 35)), (('.', '.'), (26, 36)), (('.', '.'), (27, 33)), (('.', '.'), (27, 34)), (('A', 'A'), (42, 54)), (('.', '.'), (43, 52)), (('.', '.'), (43, 53)), (('.', '.'), (44, 52)), (('.', '.'), (44, 53)), (('.', '.'), (45, 51)), (('A', 'C'), (55, 58)), (('A', 'A'), (60, 63))]",...(..)((......(..).))........(..)......,1.20512394479828,.......((...........))..................,RBMS3,TTTGAC40NGGT,EMO,SAUGYAURAKKUG,2.0,4b0,,Secondary,Experiment_1,0,,structured,[GC]AUG[UC]AU[AG]A[GU][GU]UG
127,127_RBMY1E_TGGTGG40NTAA_EMO_4-97-120-331.01-0.model_params,"[(('G', 'A'), (0, 3)), (('C', 'U'), (1, 4)), (('U', 'A'), (16, 24)), (('U', 'A'), (17, 24)), (('.', '.'), (18, 22)), (('.', '.'), (18, 23)), (('.', '.'), (19, 22)), (('.', '.'), (19, 23)), (('U', 'U'), (29, 35)), (('U', 'C'), (29, 36)), (('.', '.'), (30, 33)), (('.', '.'), (30, 34)), (('G', 'A'), (39, 44)), (('G', 'G'), (39, 45)), (('.', '.'), (40, 43)), (('A', 'C'), (44, 47)), (('U', 'U'), (49, 52)), (('C', 'G'), (50, 53)), (('C', 'U'), (51, 54))]",....................................(..),0.2739976797364087,........................................,RBMY1E,TGGTGG40NTAA,EMO,NAGCUUNGUGCUN,1.0,4b0,,Secondary,Experiment_1,0,,structured,[AUGC]AGCUU[AUGC]GUGCU[AUGC]
128,128_RBMY1E_TGGTGG40NTAA_EMO_4-971-24-66.20-20.model_params,"[(('U', 'C'), (6, 10)), (('G', 'G'), (17, 24)), (('U', 'G'), (18, 24)), (('U', 'G'), (32, 38)), (('U', 'U'), (32, 49)), (('.', '.'), (33, 36)), (('.', '.'), (33, 37)), (('G', 'U'), (38, 49)), (('.', '.'), (39, 46)), (('.', '.'), (39, 47)), (('.', '.'), (39, 48)), (('.', '.'), (40, 46)), (('.', '.'), (40, 47)), (('.', '.'), (40, 48)), (('.', '.'), (41, 45)), (('C', 'G'), (54, 57))]",......(...).......................(..)..,0.6355396166118462,........................................,RBMY1E,TGGTGG40NTAA,EMO,NGCUUCGNGCN,1.0,4b0,,Primary,Experiment_1,1,,structured,[AUGC]GCUUCG[AUGC]GC[AUGC]
129,129_RBMY1F_TATAAA40NCCGC_AAH_3-598-2-12.13-80814.model_params,"[(('G', 'C'), (5, 8)), (('C', 'G'), (12, 25)), (('U', 'A'), (13, 24)), (('G', 'C'), (14, 23)), (('G', 'G'), (27, 30)), (('G', 'G'), (28, 31)), (('A', 'U'), (34, 37)), (('A', 'G'), (34, 39))]",.....(..)...((..........))..(..)........,2.826915240290547,............((..........))..............,RBMY1F,TACCTC40NATT,AAG,GCGCAAGAGC,1.0,4,,Secondary,Experiment_1,0,,structured,GCGCAAGAGC
12,12_ELAVL1_TGGACT40NAAT_EMJ_4-79-7-289.84-30.model_params,"[(('A', '.'), (2, 9)), (('A', 'G'), (7, 10)), (('U', 'U'), (14, 29)), (('U', 'G'), (14, 30)), (('U', 'A'), (14, 31)), (('.', '.'), (15, 26)), (('.', '.'), (15, 27)), (('.', '.'), (15, 28)), (('.', '.'), (16, 26)), (('.', '.'), (16, 27)), (('.', '.'), (16, 28)), (('G', 'U'), (30, 34)), (('A', 'U'), (31, 34)), (('A', 'U'), (31, 35)), (('.', 'U'), (33, 46)), (('U', 'A'), (36, 45)), (('U', 'U'), (36, 58)), (('.', '.'), (37, 43)), (('.', '.'), (37, 44)), (('.', '.'), (38, 42)), (('.', '.'), (38, 43)), (('.', '.'), (38, 44)), (('U', 'U'), (49, 58)), (('.', '.'), (50, 55)), (('.', '.'), (50, 56)), (('.', '.'), (50, 57)), (('.', '.'), (51, 55)), (('.', '.'), (51, 56)), (('.', '.'), (51, 57)), (('.', '.'), (52, 55)), (('U', 'U'), (59, 63)), (('A', 'U'), (60, 63)), (('A', 'U'), (60, 64)), (('A', 'U'), (60, 65)), (('U', 'U'), (66, 69)), (('G', 'U'), (67, 73)), (('U', 'C'), (69, 72)), (('A', 'U'), (70, 73))]",.............(..)..........(..)(..)(..).,1.2108131897709995,........................................,ELAVL1,TGGACT40NAAT,EMJ,UUUAUGNUUU,1.0,4b0,monomeric,Primary,Experiment_1,3,,linear,UUUAUG[AUGC]UUU
130,130_RBMY1F_TATAAA40NCCGC_AAH_3-598-2-12.13-80613.model_params,"[(('C', 'C'), (0, 3)), (('C', 'C'), (0, 14)), (('U', 'A'), (1, 13)), (('G', 'C'), (2, 5)), (('G', 'U'), (2, 12)), (('C', 'U'), (3, 12)), (('C', 'G'), (14, 19)), (('.', '.'), (15, 18)), (('G', 'A'), (19, 22)), (('G', 'C'), (21, 24)), (('A', 'A'), (22, 25)), (('C', 'G'), (33, 36)), (('G', 'G'), (38, 42))]",(((.........)))(..).....................,1.9751256953069405,(((.........))).........................,RBMY1F,TACCTC40NATT,AAG,NGCCCUCAAGGYN,1.0,4,,Primary,Experiment_1,1,,structured,[AUGC]GCCCUCAAGG[UC][AUGC]
131,131_RBMY1J_TCATAG40NGGT_AAG_4-860-2-17.32-2994.model_params,"[(('A', 'U'), (2, 5)), (('C', 'U'), (3, 6)), (('U', 'U'), (7, 21)), (('G', 'U'), (8, 11)), (('C', 'U'), (9, 19)), (('C', 'U'), (13, 19)), (('G', 'U'), (14, 19)), (('G', 'U'), (14, 20)), (('G', 'G'), (22, 25)), (('G', 'C'), (22, 26)), (('G', 'U'), (22, 27)), (('A', 'G'), (28, 33)), (('A', 'G'), (28, 44)), (('.', '.'), (29, 32)), (('G', 'G'), (33, 44)), (('G', 'G'), (33, 45)), (('.', '.'), (34, 41)), (('.', '.'), (34, 42)), (('.', '.'), (34, 43)), (('.', '.'), (35, 40)), (('.', '.'), (35, 41)), (('.', '.'), (35, 42)), (('.', '.'), (35, 43)), (('.', '.'), (36, 40)), (('.', '.'), (36, 41)), (('U', 'G'), (46, 58)), (('A', 'G'), (47, 58)), (('.', '.'), (48, 55)), (('.', '.'), (48, 56)), (('.', '.'), (48, 57)), (('.', '.'), (49, 55)), (('.', '.'), (49, 56)), (('.', '.'), (49, 57)), (('.', '.'), (50, 55)), (('.', '.'), (50, 56))]",..(..).(.(.....).)(..)..................,1.3767388998455492,........................................,RBMY1J,TCATAG40NGGT,AAG,GCGCAAGAGC,1.0,4b-,,Secondary,Experiment_1,0,,structured,GCGCAAGAGC
132,132_RBMY1J_TCATAG40NGGT_AAG_4-860-2-17.32-2951.model_params,"[(('C', 'G'), (19, 33)), (('A', 'A'), (20, 32)), (('G', 'U'), (21, 31)), (('C', 'G'), (22, 30))]",..................((((.......)))).......,7.185371419223033,..................((((.......)))).......,RBMY1J,TCATAG40NGGT,AAG,NGCCCUCAAGGYN,1.0,4b-,,Primary,Experiment_1,1,,structured,[AUGC]GCCCUCAAGG[UC][AUGC]
133,133_RBMY1J_TCATAG40NGGT_AAG_4-860-2-17.32-2819.model_params,"[(('G', 'C'), (0, 18)), (('U', 'G'), (1, 17)), (('C', 'G'), (2, 16)), (('U', 'G'), (3, 15)), (('U', 'G'), (3, 16)), (('G', 'C'), (4, 14)), (('G', 'G'), (9, 12)), (('U', 'U'), (21, 25)), (('C', 'A'), (36, 39))]",..(((........)))........................,1.7213561728670268,..(((........)))........................,RBMY1J,TCATAG40NGGT,AAG,NGCGUCGUGGCN,1.0,4b-,,Secondary,Experiment_1,0,,structured,[AUGC]GCGUCGUGGC[AUGC]
134,134_RBMY1J_TCATAG40NGGT_AAG_4-860-2-17.32-2987.model_params,"[(('A', 'C'), (9, 12)), (('A', 'A'), (16, 19)), (('G', 'C'), (25, 39)), (('G', 'C'), (25, 40)), (('G', 'C'), (26, 39)), (('U', 'A'), (27, 38))]",......................(((.........)))...,2.551553273300091,......................(((.........)))...,RBMY1J,TCATAG40NGGT,AAG,UGAAUUCGUCN,1.0,4b-,,Secondary,Experiment_1,0,,structured,UGAAUUCGUC[AUGC]
135,135_RC3H1-construct2_TGCTAA40NAACA_AAG_4-3-3-20.75-9.model_params,"[(('G', 'A'), (0, 4)), (('G', 'U'), (0, 17)), (('G', 'U'), (1, 16)), (('U', 'A'), (2, 15)), (('C', 'G'), (3, 14)), (('A', 'G'), (4, 13)), (('U', 'G'), (9, 13)), (('.', 'U'), (19, 25)), (('A', '.'), (20, 23)), (('A', 'G'), (20, 24)), (('A', 'C'), (30, 33))]",.(((..........)))......................,3.19774620871183,.(((..........)))......................,RC3H1,TGCTAA40NAACA,AAG,YRCGUUUUAGKR,1.0,4,,Primary,Experiment_1,1,,structured,[UC][AG]CGUUUUAG[GU][AG]
136,136_RC3H2_TCTTGC40NTTC_AAG_4-9514-1-6.25-30252.model_params,"[(('U', 'A'), (7, 28)), (('U', 'A'), (8, 26)), (('.', '.'), (9, 14)), (('C', 'G'), (15, 25)), (('C', 'G'), (16, 24)), (('U', 'A'), (17, 23)), (('C', 'G'), (18, 22))]",.......((((((...))))))..................,12.365561726733636,.......((((((...))))))..................,RC3H2,TCTTGC40NTTC,AAG,CCUCUNUGAGG,1.0,2,,Secondary,Experiment_1,0,,structured,CCUCU[AUGC]UGAGG
137,137_RC3H2_TCTTGC40NTTC_AAG_4-992-12-74.98-26.model_params,"[(('A', 'U'), (7, 21)), (('C', 'G'), (8, 20)), (('U', 'A'), (10, 18)), (('C', 'G'), (11, 17)), (('G', 'C'), (12, 16))]",.......((.(((...))).))..................,12.628270403279494,.......((.(((...))).))..................,RC3H2,TCTTGC40NTTC,AAG,CUCGUAUCGAG,1.0,2,,Secondary,Experiment_1,0,,structured,CUCGUAUCGAG
138,138_RC3H2_TCTTGC40NTTC_AAG_4-992-12-74.98-59.model_params,"[(('G', 'A'), (5, 22)), (('U', 'U'), (6, 21)), (('C', 'G'), (7, 20)), (('U', 'A'), (8, 19)), (('A', 'U'), (9, 18))]",.....(((((........)))))................,12.477682364939012,.....(((((........)))))................,RC3H2,TCTTGC40NTTC,AAG,CURCGUUUUAGKAG,2.0,2,,Primary,Experiment_1,1,,structured,CU[AG]CGUUUUAG[GU]AG
139,139_RNPC3_TGCGCT40NTGA_AAG_4-915-14-77.09-49.model_params,"[(('A', 'U'), (10, 15)), (('U', 'U'), (11, 15)), (('C', '.'), (20, 28)), (('.', '.'), (21, 27)), (('.', '.'), (21, 28)), (('.', '.'), (22, 26)), (('.', '.'), (22, 27)), (('.', '.'), (22, 28)), (('.', '.'), (23, 26)), (('G', 'C'), (32, 53)), (('U', 'A'), (33, 51)), (('U', 'A'), (34, 51)), (('G', 'C'), (35, 50)), (('U', 'G'), (39, 43)), (('U', 'U'), (39, 44))]",.....................(.((...........)).),2.374115252595611,.......................((...........))..,RNPC3,TGCGCT40NTGA,AAG,GCAGUKUUAGGGY,1.0,3,,Secondary,Experiment_1,0,,structured,GCAGU[GU]UUAGGG[UC]
13,13_ELAVL3_TCACTT40NTTG_EMN_4-94-40-32.63-6.model_params,"[(('G', 'A'), (0, 3)), (('A', 'A'), (15, 22)), (('.', '.'), (16, 20)), (('.', '.'), (16, 21)), (('.', '.'), (17, 20)), (('.', '.'), (17, 21)), (('G', 'U'), (24, 27)), (('U', 'G'), (29, 38)), (('.', '.'), (30, 36)), (('.', '.'), (30, 37)), (('.', '.'), (31, 35)), (('.', '.'), (31, 36)), (('.', '.'), (31, 37)), (('.', '.'), (32, 35)), (('U', 'A'), (39, 45)), (('.', '.'), (40, 44)), (('A', 'C'), (45, 48)), (('U', 'G'), (51, 54))]",........................................,0.0,........................................,ELAVL3,TAAGGC40NTGCC,AAG,GUUUUUG,1.0,4,monomeric,Primary,Experiment_1,3,,linear,GUUUUUG
140,140_YBX1_TGCGCC40NCGC_AAH_3-42-6-18.92-64.model_params,"[(('C', 'G'), (2, 19)), (('U', 'G'), (3, 18)), (('U', 'G'), (3, 19)), (('G', 'C'), (4, 16)), (('C', 'U'), (5, 8)), (('C', 'C'), (5, 16)), (('G', 'U'), (27, 31))]",..(((...........))).....................,4.679207818512372,..(((...........))).....................,YBX1,TCTTGC40NATAG,AAG,RCCAYRHCAUCGY,1.0,4,,Primary,Experiment_1,1,,structured,[AG]CCA[UC][AG][AUC]CAUCG[UC]
141,141_ZC3H12A_TGATGA40NCATT_AAH_3-85-8-30.89-41.model_params,"[(('G', 'G'), (13, 16)), (('G', 'U'), (21, 38)), (('G', 'C'), (22, 37)), (('C', 'G'), (23, 36)), (('A', 'G'), (31, 34))]",...................(((........))).....,4.644753495359114,...................(((........))).....,ZC3H12A,TGATGA40NCATT,AAG,NGCAGGUAAGUGCN,2.0,4,,Primary,Experiment_1,1,,structured,[AUGC]GCAGGUAAGUGC[AUGC]
142,142_ZC3H12B_TGACCG40NGCT_EMQ_4-975-69-123.53-5.model_params,"[(('G', 'A'), (0, 3)), (('G', 'A'), (1, 4)), (('A', 'A'), (4, 19)), (('G', 'C'), (5, 18)), (('C', 'G'), (6, 16)), (('C', 'C'), (6, 18)), (('A', 'G'), (11, 14)), (('G', 'G'), (25, 30)), (('.', '.'), (26, 29))]",(..).((........)).................,5.326830130785548,.....((........)).................,ZC3H12B,TGAATG40NGTAG,AAG,NGCAGGUAAGUGSN,2.0,2,,Primary,Experiment_1,1,,structured,[AUGC]GCAGGUAAGUG[GC][AUGC]
143,143_ZC3H12B_TGACCG40NGCT_EMQ_4-998-68-121.74-1.model_params,"[(('G', 'U'), (0, 21)), (('C', '.'), (1, 19)), (('C', 'G'), (1, 20)), (('C', 'A'), (2, 10)), (('A', 'A'), (3, 10)), (('G', 'A'), (4, 7)), (('G', 'G'), (12, 20)), (('G', 'U'), (12, 21)), (('.', '.'), (13, 18)), (('.', '.'), (13, 19)), (('.', '.'), (14, 17)), (('.', '.'), (14, 18)), (('A', 'G'), (25, 28)), (('G', 'U'), (30, 36)), (('.', '.'), (31, 34)), (('.', '.'), (31, 35))]",(((.......)..)).........................,2.127487197681248,((...........)).........................,ZC3H12B,TGAATG40NGTAG,AAG,SCAGGUAUUAUGS,2.0,2,,Secondary,Experiment_1,0,,structured,[GC]CAGGUAUUAUG[GC]
144,144_ZC3H12C_TATGAC40NTCA_AAG_4-928-15-86.78-89.model_params,"[(('G', 'G'), (11, 26)), (('G', 'C'), (12, 25)), (('C', 'G'), (13, 24)), (('C', 'C'), (13, 25))]",..........(((........)))..............,8.981810464915878,..........(((........)))..............,ZC3H12C,TATGAC40NTCA,AAG,NCAGGUAAGUGN,2.0,3,,Primary,Experiment_1,1,,structured,[AUGC]CAGGUAAGUG[AUGC]
14,14_ELAVL4_TCACGG40NTGT_EMO_4-77-3-18.42-29.model_params,"[(('A', 'U'), (0, 7)), (('U', 'U'), (1, 4)), (('U', 'U'), (1, 5)), (('U', 'U'), (2, 5)), (('U', 'C'), (3, 6)), (('U', 'U'), (4, 21)), (('U', 'G'), (9, 12)), (('A', 'U'), (13, 18)), (('U', 'U'), (14, 18)), (('U', 'U'), (21, 25)), (('U', 'U'), (21, 30)), (('U', 'U'), (27, 30)), (('G', 'C'), (31, 42)), (('G', 'G'), (31, 43)), (('.', '.'), (32, 40)), (('.', '.'), (32, 41)), (('.', '.'), (33, 40)), (('.', '.'), (34, 38)), (('.', '.'), (34, 39)), (('C', 'A'), (42, 45)), (('C', 'C'), (44, 50)), (('A', 'C'), (45, 50)), (('A', 'U'), (45, 51)), (('C', 'G'), (52, 55))]",((..)..)................................,0.5827199775053099,........................................,ELAVL4,TCACGG40NTGT,EMO,UUUUAUUUUG,1.0,4b0,monomeric,Primary,Experiment_1,3,,linear,UUUUAUUUUG
15,15_ESRP1-construct3_TGGGCT40NGTT_AAG_4-95-13-67.94-13.model_params,"[(('G', 'A'), (0, 3)), (('G', 'G'), (8, 11)), (('G', 'U'), (15, 23)), (('G', 'U'), (15, 24)), (('.', '.'), (16, 21)), (('.', '.'), (16, 22)), (('.', '.'), (17, 20)), (('.', '.'), (17, 21)), (('.', '.'), (17, 22)), (('C', 'G'), (31, 35)), (('A', 'G'), (39, 45)), (('.', '.'), (40, 43)), (('.', '.'), (40, 44))]",(..)....................................,0.972304238215704,........................................,ESRP1,TAAGGA40NCCG,AAG,GGUGUUGGUG,1.0,4,dimeric,Primary,Replicate,0,,linear,GGUGUUGGUG
16,16_ESRP1-construct3_TGGGCT40NGTT_AAG_4-95-13-67.94-19.model_params,"[(('U', 'U'), (9, 15)), (('G', '.'), (10, 14)), (('G', 'U'), (10, 15)), (('.', '.'), (11, 14)), (('G', 'U'), (19, 29)), (('.', '.'), (20, 26)), (('.', '.'), (20, 27)), (('.', '.'), (20, 28)), (('.', '.'), (21, 26)), (('.', '.'), (21, 27)), (('.', '.'), (21, 28)), (('.', '.'), (22, 25)), (('.', '.'), (22, 26)), (('U', 'G'), (29, 36)), (('.', '.'), (30, 34)), (('.', '.'), (30, 35)), (('.', '.'), (31, 34)), (('U', 'U'), (43, 52)), (('U', 'U'), (43, 53)), (('.', '.'), (44, 50)), (('.', '.'), (44, 51)), (('.', '.'), (45, 50)), (('.', '.'), (45, 51)), (('U', 'A'), (53, 57)), (('C', 'G'), (58, 61))]",........................................,0.0,........................................,ESRP1,TGGGCT40NGTT,AAG,GGUGUGGUGU,1.0,4,dimeric,Primary,Experiment_1,1,,linear,GGUGUGGUGU
17,17_HEXIM1_TTGGGT40NGGC_AAH_3-999-26-104.22-53.model_params,"[(('G', 'G'), (6, 9)), (('U', 'A'), (10, 13)), (('G', 'G'), (11, 14)), (('G', 'G'), (17, 20)), (('G', 'U'), (18, 21)), (('A', 'G'), (22, 66)), (('G', 'G'), (23, 65)), (('.', '.'), (24, 29)), (('.', '.'), (24, 30)), (('.', '.'), (25, 28)), (('.', '.'), (25, 29)), (('.', '.'), (25, 30)), (('.', 'G'), (30, 65)), (('C', 'C'), (31, 34)), (('C', '.'), (40, 58)), (('C', 'A'), (40, 59)), (('.', '.'), (41, 56)), (('.', '.'), (41, 57)), (('.', '.'), (41, 58)), (('.', '.'), (42, 56)), (('.', '.'), (42, 57)), (('.', '.'), (42, 58)), (('.', '.'), (43, 55)), (('.', '.'), (43, 56)), (('.', '.'), (43, 57)), (('.', '.'), (44, 54)), (('.', '.'), (44, 55)), (('.', '.'), (45, 53)), (('.', '.'), (45, 54)), (('.', '.'), (46, 52)), (('.', '.'), (46, 53)), (('.', '.'), (47, 51)), (('.', '.'), (47, 52)), (('.', '.'), (47, 53)), (('.', '.'), (48, 51)), (('G', 'G'), (60, 63)), (('G', 'G'), (60, 64)), (('C', 'G'), (61, 64))]",......(..)(..)........((..).......(..)).,2.1189806127678805,........................................,HEXIM1,TTGGGT40NGGC,AAH,GKDKCGACGGK,1.0,3,monomeric,Primary,Experiment_1,1,,linear,G[GU][GAU][GU]CGACGG[GU]
18,18_HEXIM2_TCTTAA40NGCA_AAH_3-98-110-505.73-1.model_params,"[(('A', 'U'), (1, 51)), (('G', 'C'), (2, 50)), (('C', 'C'), (3, 50)), (('G', 'G'), (11, 16)), (('G', 'U'), (11, 51)), (('.', '.'), (12, 15)), (('G', 'C'), (16, 50)), (('G', 'G'), (20, 23)), (('U', 'U'), (24, 27)), (('G', 'U'), (25, 44)), (('C', '.'), (29, 42)), (('.', '.'), (34, 41)), (('.', '.'), (34, 42)), (('.', '.'), (35, 40)), (('.', '.'), (35, 41)), (('.', '.'), (36, 39)), (('.', '.'), (36, 40)), (('C', 'G'), (46, 49))]",.(..........(.......(........).....))...,3.145224980809963,........................................,HEXIM2,TCTTAA40NGCA,AAH,NGCGACGGKN,1.0,3,monomeric,Primary,Experiment_1,1,,linear,[AUGC]GCGACGG[GU][AUGC]
19,19_HNRNPA0_TGTCGA40NCCGA_AAH_3-8208-2-7.76-108529.model_params,"[(('.', '.'), (0, 3)), (('G', '.'), (16, 21)), (('G', 'U'), (16, 22)), (('.', '.'), (17, 21)), (('.', '.'), (24, 31)), (('.', '.'), (24, 32)), (('.', '.'), (25, 30)), (('.', '.'), (25, 31)), (('.', '.'), (26, 29)), (('.', '.'), (26, 30)), (('G', 'C'), (36, 46)), (('G', 'U'), (36, 47)), (('.', '.'), (37, 45)), (('.', 'C'), (37, 46)), (('.', '.'), (38, 44)), (('.', '.'), (38, 45)), (('.', '.'), (39, 43)), (('.', '.'), (39, 44)), (('C', 'U'), (46, 49)), (('G', 'G'), (51, 54))]",......(..)...........,0.816899360466191,.....................,HNRNPA0,TGTCGA40NCCGA,AAH,KUAGKUUAGGK,1.0,3,dimeric,Primary,Experiment_1,2,,linear,[GU]UAG[GU]UUAGG[GU]
1,1_CARHSP1_TGCAGT40NAAG_AAG_4-886-10-46.49-11.model_params,"[(('A', 'C'), (1, 4)), (('G', 'A'), (6, 15)), (('U', 'A'), (10, 15)), (('G', 'C'), (11, 14)), (('U', '.'), (22, 25)), (('A', 'G'), (23, 26)), (('A', 'G'), (23, 28)), (('G', 'C'), (24, 27)), (('A', 'U'), (35, 39)), (('U', 'U'), (36, 39)), (('C', 'U'), (37, 42))]",..........(....).................(..)...,1.0167539749824197,........................................,CARHSP1,TGCAGT40NAAG,AAG,GCCAUGAUCAUGAU,2.0,3,dimeric,Secondary,Experiment_1,0,,linear,GCCAUGAUCAUGAU
20,20_HNRNPA0_TGTCGA40NCCGA_AAH_3-8208-2-7.76-108510.model_params,"[(('.', 'G'), (8, 11)), (('A', 'G'), (13, 16)), (('.', 'A'), (15, 26)), (('U', '.'), (17, 25)), (('U', 'A'), (17, 26)), (('.', '.'), (18, 24)), (('.', '.'), (18, 25)), (('.', '.'), (19, 23)), (('.', '.'), (19, 24)), (('.', '.'), (20, 23)), (('G', 'U'), (30, 39)), (('G', '.'), (31, 38)), (('G', 'U'), (31, 39)), (('.', '.'), (32, 37)), (('.', '.'), (32, 38)), (('.', '.'), (33, 36)), (('.', '.'), (33, 37)), (('A', 'G'), (44, 48))]",..............................,0.0,..............................,HNRNPA0,TGTCGA40NCCGA,AAH,KUAGKUUUAGGK,1.0,3,dimeric,Secondary,Experiment_1,0,,linear,[GU]UAG[GU]UUUAGG[GU]
21,21_HNRNPA1L2_TGAATC40NGTA_AAG_4-967-5-30.93-433.model_params,"[(('U', 'G'), (15, 30)), (('G', 'U'), (19, 32)), (('G', 'A'), (19, 33)), (('U', '.'), (20, 29)), (('U', 'G'), (20, 30)), (('.', '.'), (21, 28)), (('.', '.'), (21, 29)), (('.', '.'), (22, 27)), (('.', '.'), (22, 28)), (('.', '.'), (23, 27)), (('G', 'G'), (34, 45)), (('.', '.'), (35, 43)), (('.', '.'), (35, 44)), (('.', '.'), (36, 42)), (('.', '.'), (36, 43)), (('.', '.'), (37, 41)), (('.', '.'), (37, 42)), (('.', '.'), (38, 41)), (('G', '.'), (45, 50)), (('G', 'U'), (45, 51)), (('U', '.'), (46, 50)), (('U', 'U'), (46, 51)), (('.', '.'), (47, 50)), (('U', 'G'), (51, 54)), (('G', 'G'), (55, 58))]",..................(...).................,0.8499883028145919,........................................,HNRNPA1L2,TGAATC40NGTA,AAG,NUAGGUUAGGGW,2.0,4,dimeric,Primary,Experiment_1,2,,linear,[AUGC]UAGGUUAGGG[AU]
22,22_HNRNPA3_TCTAAC40NACC_AAG_4-658-1-8.48-116462.model_params,"[(('A', 'G'), (10, 14)), (('A', 'G'), (10, 15)), (('A', 'U'), (10, 16)), (('U', 'U'), (16, 23)), (('.', '.'), (17, 21)), (('.', '.'), (17, 22)), (('G', 'G'), (26, 33)), (('G', 'A'), (33, 43)), (('A', 'A'), (34, 43)), (('.', '.'), (35, 40)), (('.', '.'), (35, 41)), (('.', '.'), (35, 42)), (('.', '.'), (36, 40)), (('.', '.'), (36, 41)), (('.', '.'), (36, 42)), (('A', '.'), (45, 55)), (('G', 'U'), (47, 50)), (('A', 'G'), (51, 56)), (('.', '.'), (52, 55))]",...............................,0.0,...............................,HNRNPA3,TCGTAG40NCAGC,AAG,UAGGUUAGGG,1.0,4,dimeric,Primary,Experiment_1,2,,linear,UAGGUUAGGG
23,23_HNRNPC_TTCTTG40NCTTT_AAH_3-64-6-34.01-109.model_params,"[(('A', 'G'), (14, 17)), (('U', '.'), (18, 28)), (('U', '.'), (20, 28)), (('U', 'U'), (20, 29)), (('U', 'U'), (20, 32)), (('.', '.'), (21, 27)), (('.', '.'), (21, 28)), (('.', '.'), (22, 26)), (('.', '.'), (22, 27)), (('.', '.'), (23, 26)), (('U', 'U'), (29, 33)), (('U', 'G'), (34, 40)), (('U', 'G'), (34, 42)), (('.', '.'), (35, 38)), (('.', '.'), (35, 39)), (('G', 'G'), (41, 44)), (('C', 'G'), (45, 48)), (('G', '.'), (46, 49))]",.............(..)............(..),1.5445875901396202,.................................,HNRNPC,TACCGG40NAGT,AAG,UUUUUGGUGG,1.0,4,monomeric,Primary,Experiment_1,1,,linear,UUUUUGGUGG
24,24_HNRNPCL1_TAGCCA40NTAT_AAG_4-933-7-48.86-90.model_params,"[(('A', 'G'), (3, 6)), (('G', 'C'), (4, 7)), (('U', 'G'), (15, 27)), (('.', '.'), (16, 25)), (('.', '.'), (16, 26)), (('.', '.'), (17, 24)), (('.', '.'), (17, 25)), (('.', '.'), (18, 23)), (('.', '.'), (18, 24)), (('.', '.'), (19, 23)), (('G', '.'), (29, 42)), (('.', '.'), (30, 41)), (('.', '.'), (30, 42)), (('.', '.'), (31, 40)), (('.', '.'), (31, 41)), (('.', '.'), (32, 39)), (('.', '.'), (32, 40)), (('.', '.'), (33, 38)), (('.', '.'), (33, 39)), (('.', '.'), (34, 37)), (('.', '.'), (34, 38)), (('U', 'G'), (48, 52)), (('G', 'C'), (52, 56)), (('G', 'C'), (53, 56)), (('G', 'A'), (54, 58)), (('C', 'C'), (56, 59)), (('C', 'G'), (59, 62)), (('C', 'G'), (59, 63)), (('G', 'G'), (61, 64)), (('G', 'U'), (63, 66))]",...(..).......................(..)....,1.712417174869544,......................................,HNRNPCL1,TAGCCA40NTAT,AAG,GUUUUUUGGG,1.0,3,monomeric,Primary,Experiment_1,1,,linear,GUUUUUUGGG
25,25_HNRNPL-construct2_TCTGGC40NTAG_EMO_4-9-3-10.85-77.model_params,"[(('C', 'U'), (1, 4)), (('U', 'U'), (14, 17)), (('.', 'U'), (20, 23)), (('A', '.'), (26, 31)), (('A', '.'), (26, 32)), (('.', '.'), (27, 30)), (('.', '.'), (27, 31)), (('.', '.'), (34, 41)), (('.', '.'), (35, 39)), (('.', '.'), (35, 40)), (('.', '.'), (36, 39)), (('.', '.'), (36, 40)), (('.', '.'), (42, 51)), (('.', '.'), (43, 49)), (('.', '.'), (43, 50)), (('.', '.'), (44, 48)), (('.', '.'), (44, 49)), (('.', '.'), (45, 48)), (('.', '.'), (50, 54))]",....................,0.0,....................,HNRNPL,TATGAG40NCGT,AAG,ACAUWWCAUW,1.0,3,dimeric,Primary,Experiment_1,3,,linear,ACAU[AU][AU]CAU[AU]
26,26_HNRPLL_TGGCGT40NCCT_EMO_4-87-6-63.70-15.model_params,"[(('A', 'U'), (1, 4)), (('C', 'G'), (15, 26)), (('.', '.'), (16, 23)), (('.', '.'), (16, 24)), (('.', '.'), (16, 25)), (('.', '.'), (17, 23)), (('.', '.'), (17, 24)), (('.', '.'), (17, 25)), (('.', '.'), (18, 23)), (('.', '.'), (18, 24)), (('G', 'G'), (26, 29)), (('U', 'U'), (27, 30)), (('U', 'G'), (30, 38)), (('A', '.'), (31, 37)), (('A', 'G'), (31, 38)), (('A', 'U'), (31, 41)), (('.', '.'), (32, 36)), (('.', '.'), (32, 37)), (('.', '.'), (33, 36)), (('U', 'U'), (48, 51)), (('A', 'A'), (50, 53))]",...............................(..).....,0.5657293368097187,........................................,HNRPLL,TATAAA40NACG,AAG,GCAURCAYCC,1.0,3,dimeric,Primary,Experiment_1,3,,linear,GCAU[AG]CA[UC]CC
27,27_IGF2BP1-construct4_TTAGGT40NTAA_AAG_4-994-11-58.98-105.model_params,"[(('G', 'C'), (9, 12)), (('C', 'C'), (12, 17)), (('A', 'C'), (13, 17)), (('A', 'A'), (13, 18)), (('A', 'U'), (18, 21)), (('U', 'G'), (21, 24)), (('C', '.'), (28, 36)), (('C', 'U'), (28, 37)), (('.', '.'), (29, 35)), (('.', '.'), (29, 36)), (('.', '.'), (30, 34)), (('.', '.'), (30, 35)), (('.', '.'), (30, 36)), (('.', '.'), (31, 34)), (('U', 'C'), (42, 45)), (('U', 'C'), (42, 46)), (('C', 'U'), (45, 48)), (('G', 'C'), (50, 53))]",...................................(..).,0.5420085562062011,........................................,IGF2BP1,TCTTAA40NGCA,AAG,CAGNUWCA,1.0,4,monomeric,Primary,Experiment_1,3,,linear,CAG[AUGC]U[AU]CA
27,27_IGF2BP1_TCTTAA40NGCA_AAG_4-976-2-13.09-2779.model_params,"[(('C', 'U'), (0, 3)), (('C', 'U'), (2, 5)), (('C', 'G'), (9, 21)), (('.', '.'), (10, 19)), (('.', '.'), (10, 20)), (('.', '.'), (11, 18)), (('.', '.'), (11, 19)), (('.', '.'), (12, 17)), (('.', '.'), (12, 18)), (('.', '.'), (13, 16)), (('.', '.'), (13, 17)), (('G', 'U'), (25, 40)), (('.', '.'), (26, 37)), (('.', '.'), (26, 38)), (('.', '.'), (26, 39)), (('.', '.'), (27, 37)), (('.', '.'), (27, 38)), (('.', '.'), (27, 39)), (('.', '.'), (28, 36)), (('.', '.'), (28, 37)), (('.', '.'), (28, 38)), (('.', '.'), (29, 35)), (('.', '.'), (29, 36)), (('A', '.'), (42, 49)), (('A', 'C'), (42, 50)), (('.', '.'), (43, 48)), (('.', '.'), (43, 49)), (('.', '.'), (44, 47)), (('.', '.'), (44, 48)), (('A', 'U'), (51, 54)), (('U', 'U'), (55, 64)), (('.', '.'), (56, 62)), (('.', '.'), (56, 63)), (('.', '.'), (57, 61)), (('.', '.'), (57, 62)), (('.', '.'), (57, 63)), (('A', 'G'), (67, 78)), (('A', 'G'), (67, 79)), (('.', '.'), (68, 75)), (('.', '.'), (68, 76)), (('.', '.'), (68, 77)), (('.', '.'), (69, 75)), (('.', '.'), (69, 76)), (('.', '.'), (69, 77)), (('A', 'C'), (83, 86)), (('C', 'C'), (84, 87))]",..(..)........................(..)......,1.0005736162762746,........................................,IGF2BP1,TCTTAA40NGCA,AAG,CAGNUWCA,1.0,4,monomeric,Primary,Experiment_1,3,,linear,CAG[AUGC]U[AU]CA
28,28_KHDRBS1_TCTTGAA26N_EMR_4-9-7-22.07-6.model_params,"[(('A', 'G'), (9, 12))]",........................,0.0,........................,KHDRBS1,TAGCAT40NGCAA,AAG,UAAUAGN,1.0,4,dimeric,Primary,Experiment_1,1,,linear,UAAUAG[AUGC]
29,29_KHDRBS2_TGTGGT40NGGC_EMJ_4-243-1-32.56-30029.model_params,"[(('A', 'A'), (1, 6)), (('A', 'A'), (2, 5)), (('A', 'A'), (2, 6)), (('C', 'A'), (11, 17)), (('A', 'A'), (13, 17)), (('A', 'U'), (19, 22)), (('U', 'C'), (22, 25)), (('C', 'U'), (33, 36)), (('C', 'A'), (33, 37))]",..(..)..................................,0.4281312987329089,........................................,KHDRBS2,TGTGGT40NGGC,EMJ,UAAACAAUAA,1.0,4b0,dimeric,Primary,Experiment_1,1,,linear,UAAACAAUAA
2,2_CARHSP1_TGCAGT40NAAG_EMJ_4-798-9-94.21-71.model_params,"[(('U', 'C'), (2, 5)), (('G', 'U'), (4, 7)), (('C', 'U'), (5, 8)), (('U', '.'), (7, 10)), (('G', 'C'), (9, 12)), (('.', 'G'), (13, 16)), (('G', 'U'), (16, 19)), (('G', 'G'), (16, 20)), (('.', 'U'), (18, 22)), (('G', '.'), (20, 25)), (('U', '.'), (22, 25)), (('G', '.'), (26, 29)), (('U', 'G'), (27, 30)), (('U', 'U'), (27, 31)), (('G', 'G'), (39, 42))]",..(..)..................................,0.5688653834605177,........................................,CARHSP1,TGCAGT40NAAG,AAG,UUGCCUUGUCCCGAU,2.0,3,monomeric,Primary,Experiment_1,1,,linear,UUGCCUUGUCCCGAU
30,30_KHDRBS3_TCCTCG40NCAG_AAG_4-12-2-14.46-1038.model_params,"[(('A', 'U'), (13, 17)), (('A', 'U'), (14, 17)), (('A', 'U'), (14, 18)), (('A', 'A'), (25, 31)), (('A', 'A'), (26, 31)), (('.', '.'), (27, 30))]",.......................................,0.0,.......................................,KHDRBS3,TCCTCG40NCAG,AAG,UAAANNNNNNNUAAA,1.0,4,dimeric,Primary,Experiment_1,1,,linear,UAAA[AUGC][AUGC][AUGC][AUGC][AUGC][AUGC][AUGC]UAAA
31,31_LARP6_TTTGTA40NTAAC_AAG_4-988-10-51.75-40.model_params,"[(('C', 'G'), (15, 18)), (('G', 'U'), (20, 26)), (('.', '.'), (21, 24)), (('.', '.'), (21, 25)), (('.', 'U'), (21, 26)), (('.', 'G'), (25, 28)), (('G', 'G'), (27, 40)), (('G', 'G'), (28, 40)), (('.', '.'), (29, 39)), (('.', 'G'), (29, 40)), (('.', '.'), (30, 38)), (('.', '.'), (30, 39)), (('.', '.'), (31, 37)), (('.', '.'), (31, 38)), (('.', '.'), (32, 36)), (('.', '.'), (32, 37)), (('U', 'A'), (41, 45)), (('C', 'A'), (42, 45))]",..................................,0.0,..................................,LARP6,TTTGTA40NTAAC,AAG,GUGUCNNNNNNNNNGAAGUCN,2.0,4b-,monomeric,Primary,Experiment_1,1,,linear,GUGUC[AUGC][AUGC][AUGC][AUGC][AUGC][AUGC][AUGC][AUGC][AUGC]GAAGUC[AUGC]
32,32_LARP7-construct4_TAGGCC40NTAT_AAG_4-39-3-16.01-27.model_params,"[(('C', 'G'), (0, 3)), (('A', 'G'), (2, 5)), (('U', '.'), (4, 7)), (('G', 'G'), (6, 9)), (('U', 'C'), (13, 16)), (('A', 'C'), (21, 24)), (('.', 'G'), (28, 31)), (('.', 'U'), (28, 32)), (('G', 'U'), (29, 32))]",.................(..)..................,0.52480072796832,.......................................,LARP7,TACGCG40NCCG,EMO,GRUCGUGAUGN,1.0,4b0,monomeric,Primary,Experiment_1,1,,linear,G[AG]UCGUGAUG[AUGC]
33,33_MCM3AP_TACATC40NCAAG_AAH_3-95-248-903.94-1.model_params,"[(('U', 'G'), (8, 11)), (('U', 'G'), (13, 16)), (('A', '.'), (14, 18)), (('G', 'C'), (16, 19)), (('G', 'C'), (21, 26)), (('C', 'C'), (22, 26)), (('C', 'U'), (26, 29)), (('G', 'C'), (31, 37)), (('C', 'G'), (37, 46)), (('G', 'A'), (38, 41)), (('U', 'G'), (43, 46))]",...........................(..).....(..),0.5696087329021549,........................................,MCM3AP,TACATC40NCAAG,AAH,CGCCAGUGCG,1.0,3b-,monomeric,Primary,Experiment_1,1,,linear,CGCCAGUGCG
34,34_MEX3B-construct3_TGTCTC40NTCA_AAG_4-82-5-33.83-32.model_params,"[(('G', 'U'), (1, 4)), (('U', 'G'), (2, 5)), (('G', 'U'), (14, 17)), (('U', 'A'), (17, 20)), (('G', 'G'), (19, 25)), (('A', 'G'), (20, 25)), (('.', '.'), (21, 24)), (('G', 'U'), (25, 34)), (('.', '.'), (26, 31)), (('.', '.'), (26, 32)), (('.', '.'), (26, 33)), (('.', '.'), (27, 31)), (('.', '.'), (27, 32)), (('.', '.'), (27, 33)), (('.', '.'), (28, 31)), (('.', '.'), (28, 32)), (('.', '.'), (28, 33)), (('U', 'U'), (34, 37))]",..(..)..................................,0.531255426251731,........................................,MEX3B,TGTCTC40NTCA,AAG,UAGAGUUUAU,1.0,4,monomeric,Primary,Experiment_1,2,,linear,UAGAGUUUAU
35,35_MEX3B-construct3_TGTCTC40NTCA_AAG_4-82-5-33.83-20.model_params,"[(('U', 'G'), (2, 5)), (('C', 'G'), (4, 7)), (('G', 'G'), (12, 17)), (('G', 'U'), (23, 26)), (('U', 'A'), (26, 31)), (('.', '.'), (27, 30)), (('A', 'U'), (36, 40)), (('A', 'U'), (48, 51))]",....(..)................................,0.50239936532011,........................................,MEX3B,TGTCTC40NTCA,AAG,UAUUUAU,1.0,4,monomeric,Secondary,Experiment_1,0,,linear,UAUUUAU
36,36_MEX3C_TTCGTG40NGCCA_AAH_3-64-14-52.67-12.model_params,"[(('.', '.'), (3, 6)), (('U', 'A'), (21, 25)), (('G', 'A'), (26, 29)), (('A', 'G'), (31, 35)), (('A', 'A'), (31, 36)), (('A', 'G'), (36, 40)), (('A', 'A'), (36, 42)), (('U', 'U'), (44, 47)), (('A', 'U'), (48, 51)), (('G', 'G'), (49, 52))]",..........................(..)..,0.5787561681362693,................................,MEX3C,TGTATG40NCGG,AAG,NNAGAGUUUAUNN,1.0,3,monomeric,Primary,Experiment_1,2,,linear,[AUGC][AUGC]AGAGUUUAU[AUGC][AUGC]
37,37_MEX3D-construct3_TCAGGG40NAGGC_AAG_4-906-2-12.19-1402.model_params,"[(('G', 'U'), (2, 5)), (('U', 'U'), (3, 6)), (('U', 'U'), (8, 11)), (('U', 'U'), (19, 25)), (('.', '.'), (20, 23)), (('.', '.'), (20, 24)), (('G', 'G'), (30, 35)), (('G', 'U'), (30, 36)), (('.', '.'), (31, 34)), (('U', 'C'), (44, 47))]",..(..).............................(..).,1.0731636419942117,........................................,MEX3D,TCGTCT40NGGTG,AAG,UNURUUUAUU,1.0,4,monomeric,Primary,Experiment_1,1,,linear,U[AUGC]U[AG]UUUAUU
37,37_MEX3D_TCGTCT40NGGTG_AAG_4-919-6-45.51-131.model_params,"[(('C', 'G'), (1, 5)), (('U', 'U'), (18, 25)), (('U', 'U'), (18, 26)), (('.', '.'), (19, 23)), (('.', '.'), (19, 24)), (('.', '.'), (20, 23)), (('.', '.'), (20, 24)), (('A', 'U'), (27, 31)), (('U', 'A'), (31, 38)), (('U', 'U'), (32, 37)), (('.', '.'), (33, 36)), (('G', 'U'), (40, 43)), (('G', 'G'), (50, 53))]",........................................,0.0,........................................,MEX3D,TCGTCT40NGGTG,AAG,UNURUUUAUU,1.0,4,monomeric,Primary,Experiment_1,1,,linear,U[AUGC]U[AG]UUUAUU
38,38_MSI1_TTGGCG40NGGGA_AAG_4-81-3-23.02-255.model_params,"[(('U', '.'), (10, 17)), (('U', 'G'), (10, 18)), (('.', '.'), (11, 16)), (('.', '.'), (11, 17)), (('.', '.'), (12, 15)), (('.', '.'), (12, 16)), (('G', 'U'), (22, 26)), (('U', 'U'), (27, 31)), (('U', 'G'), (31, 36)), (('G', '.'), (36, 42)), (('G', 'U'), (36, 43)), (('.', '.'), (37, 41)), (('.', '.'), (37, 42)), (('.', '.'), (38, 41)), (('G', 'U'), (46, 50)), (('G', 'A'), (51, 54)), (('A', '.'), (54, 59)), (('.', '.'), (55, 58)), (('.', '.'), (55, 59)), (('G', 'U'), (62, 65)), (('U', 'A'), (68, 71))]",...............................(..).....,1.0117349709434604,........................................,MSI1,TTGGCG40NGGGA,AAG,KUAGUWKUAGK,1.0,4,dimeric,Primary,Experiment_1,2,,linear,[GU]UAGU[AU][GU]UAG[GU]
39,39_MSI2_TTTACT40NTACC_AAG_4-979-6-31.40-220.model_params,"[(('G', 'U'), (36, 39)), (('A', 'A'), (37, 40)), (('A', 'U'), (37, 42)), (('G', 'U'), (38, 42))]",.................................(..)..,0.7934949163578293,.......................................,MSI2,TTTACT40NTACC,AAG,GUAGUGDGUAGK,1.0,4b-,dimeric,Primary,Experiment_1,2,,linear,GUAGUG[GAU]GUAG[GU]
3,3_CELF1-construct2_TTCTAC40NCGA_AAG_4-97-114-617.76-0.model_params,"[(('U', 'C'), (9, 12)), (('G', 'U'), (20, 23)), (('G', 'A'), (20, 25)), (('A', '.'), (25, 28)), (('A', 'U'), (25, 29)), (('U', 'G'), (29, 33)), (('U', 'G'), (34, 42)), (('.', '.'), (35, 40)), (('.', '.'), (35, 41)), (('.', '.'), (36, 39)), (('.', '.'), (36, 40)), (('.', '.'), (36, 41)), (('U', 'G'), (43, 49)), (('.', '.'), (44, 47)), (('.', '.'), (44, 48)), (('.', 'U'), (48, 51)), (('U', 'G'), (51, 57)), (('.', '.'), (52, 55)), (('.', '.'), (52, 56)), (('G', '.'), (57, 60)), (('G', 'U'), (57, 61)), (('U', 'G'), (61, 65)), (('U', 'A'), (72, 75)), (('U', 'G'), (72, 76)), (('.', 'G'), (74, 78))]",........................................,0.0,........................................,CELF1,TTCTAC40NCGA,AAG,UGUGUNUGUGU,1.0,4b-,dimeric,Primary,Experiment_1,2,,linear,UGUGU[AUGC]UGUGU
40,40_MSI2_TTTACT40NTACC_AAG_4-979-6-31.40-120.model_params,"[(('U', 'C'), (0, 3)), (('U', '.'), (19, 28)), (('U', 'A'), (20, 29)), (('.', '.'), (21, 27)), (('.', '.'), (21, 28)), (('.', '.'), (22, 26)), (('.', '.'), (22, 27)), (('.', '.'), (22, 28)), (('A', 'U'), (29, 38)), (('G', 'U'), (30, 38)), (('.', '.'), (31, 36)), (('.', '.'), (31, 37)), (('.', '.'), (32, 36)), (('.', '.'), (32, 37)), (('U', 'A'), (38, 43)), (('U', 'G'), (38, 44)), (('.', '.'), (39, 42)), (('U', 'G'), (45, 53)), (('.', '.'), (46, 51)), (('.', '.'), (46, 52)), (('.', '.'), (47, 50)), (('.', '.'), (47, 51)), (('U', 'A'), (55, 58)), (('U', 'G'), (55, 59)), (('A', 'U'), (58, 64)), (('G', 'U'), (59, 64)), (('.', '.'), (60, 63))]",........................................,0.0,........................................,MSI2,TTTACT40NTACC,AAG,GUAGUNNNGUAGK,1.0,4b-,dimeric,Secondary,Experiment_1,0,,linear,GUAGU[AUGC][AUGC][AUGC]GUAG[GU]
41,41_NOVA2-construct3_TATTCT40NCTC_AAG_4-94-12-68.01-12.model_params,"[(('A', 'U'), (10, 14)), (('A', 'U'), (10, 21)), (('U', '.'), (14, 20)), (('U', 'U'), (14, 21)), (('.', '.'), (15, 19)), (('.', '.'), (15, 20)), (('.', '.'), (16, 19)), (('U', 'U'), (21, 38)), (('C', 'U'), (22, 38)), (('U', '.'), (24, 35)), (('U', 'U'), (24, 36)), (('.', '.'), (25, 34)), (('.', '.'), (25, 35)), (('.', '.'), (26, 33)), (('.', '.'), (26, 34)), (('.', '.'), (27, 32)), (('.', '.'), (27, 33)), (('.', '.'), (28, 31)), (('.', '.'), (28, 32)), (('U', 'G'), (41, 52)), (('C', 'A'), (42, 51)), (('C', 'G'), (42, 52)), (('.', '.'), (43, 50)), (('.', 'A'), (43, 51)), (('.', '.'), (44, 49)), (('.', '.'), (44, 50)), (('U', 'C'), (55, 58)), (('U', '.'), (60, 63)), (('U', 'C'), (60, 64))]",.....(....).......................,1.0833677952210052,..................................,NOVA2,TATTCT40NCTC,AAG,UCAUUCAU,1.0,4,dimeric,Primary,Experiment_1,2,,linear,UCAUUCAU
42,42_PABPC5_TGACTT40NTGGG_AAH_3-51-6-23.69-121.model_params,"[(('G', 'G'), (14, 18)), (('U', 'U'), (25, 28)), (('U', 'U'), (28, 36)), (('U', 'U'), (30, 36)), (('G', 'U'), (34, 39)), (('A', 'A'), (37, 40)), (('C', '.'), (38, 44)), (('A', 'C'), (40, 43)), (('A', '.'), (41, 44))]",.........................(.....)(..)...,1.5611940283118604,.......................................,PABPC5,TACCTG40NACG,AAG,NUAKAAAKUURCN,1.0,4,monomeric,Primary,Experiment_1,4,,linear,[AUGC]UA[GU]AAA[GU]UU[AG]C[AUGC]
43,43_PABPC5_TGACTT40NTGGG_AAH_3-51-6-23.69-43.model_params,"[(('U', 'G'), (0, 3)), (('C', 'U'), (2, 5)), (('A', 'A'), (6, 10)), (('A', 'U'), (10, 13)), (('.', '.'), (11, 15)), (('U', '.'), (12, 15)), (('U', 'A'), (12, 16)), (('U', 'C'), (12, 18)), (('U', 'A'), (13, 16)), (('.', 'C'), (15, 18)), (('.', 'U'), (15, 19)), (('A', 'U'), (16, 19)), (('A', 'G'), (23, 26)), (('C', 'C'), (27, 30)), (('C', 'A'), (27, 31)), (('C', 'A'), (27, 33)), (('A', 'U'), (29, 32)), (('G', 'G'), (38, 41))]",..(..).....(..).......(..)..............,1.9380663050328932,........................................,PABPC5,TACCTG40NACG,AAG,NUAKAAAUUACUACAN,2.0,4,monomeric,Secondary,Experiment_1,0,,linear,[AUGC]UA[GU]AAAUUACUACA[AUGC]
44,44_PCBP1_TTTCGG40NGATG_AAG_4-973-18-89.64-15.model_params,"[(('C', 'U'), (0, 3)), (('U', 'U'), (7, 10)), (('U', 'U'), (10, 16)), (('.', '.'), (11, 14)), (('.', '.'), (11, 15)), (('G', 'C'), (18, 24)), (('.', '.'), (19, 22)), (('.', '.'), (19, 23)), (('.', '.'), (20, 23)), (('U', 'U'), (26, 30)), (('U', '.'), (32, 37)), (('U', 'U'), (32, 38)), (('.', '.'), (33, 36)), (('.', '.'), (33, 37)), (('C', 'U'), (40, 49)), (('C', 'U'), (41, 49))]",........................................,0.0,........................................,PCBP1,TCGTAA40NCGG,AAG,UCCUUNNCCUU,1.0,3,dimeric,Primary,Experiment_1,3,,linear,UCCUU[AUGC][AUGC]CCUU
45,45_PUM1_TAGTGC40NATG_EMO_4-8-12-122.02-0.model_params,"[(('G', '.'), (0, 6)), (('U', 'G'), (5, 9)), (('U', 'C'), (5, 10)), (('U', 'U'), (5, 11)), (('.', 'U'), (8, 11)), (('G', 'U'), (9, 44)), (('G', 'G'), (21, 25)), (('U', 'G'), (22, 25)), (('G', 'G'), (25, 37)), (('.', '.'), (26, 33)), (('.', '.'), (26, 34)), (('.', '.'), (26, 35)), (('.', '.'), (26, 36)), (('.', '.'), (27, 33)), (('.', '.'), (27, 34)), (('.', '.'), (27, 35)), (('.', '.'), (27, 36)), (('.', '.'), (28, 33)), (('.', '.'), (28, 34)), (('.', '.'), (28, 35)), (('.', '.'), (28, 36)), (('.', '.'), (33, 36)), (('U', 'U'), (38, 42)), (('U', 'G'), (38, 43)), (('U', 'A'), (53, 56))]",........................................,0.0,........................................,PUM1,TAAGGG40NACC,EMJ,NUGUAAAUAG,1.0,4b0,monomeric,Primary,Experiment_1,8,,linear,[AUGC]UGUAAAUAG
46,46_PUM2_TCCGCG40NTCT_AAG_4-976-15-104.12-56.model_params,"[(('U', 'A'), (3, 6)), (('U', 'C'), (3, 7)), (('G', 'C'), (4, 7)), (('.', '.'), (12, 15)), (('.', 'G'), (12, 22)), (('G', 'G'), (13, 16)), (('G', 'U'), (13, 30)), (('.', 'C'), (15, 29)), (('.', 'U'), (15, 30)), (('G', 'C'), (16, 29)), (('G', 'U'), (16, 30)), (('U', 'A'), (18, 25)), (('G', 'A'), (20, 25)), (('C', 'A'), (21, 25)), (('G', 'A'), (22, 25)), (('C', 'G'), (36, 39)), (('G', 'A'), (39, 42)), (('C', 'G'), (43, 46))]",....(..)..(((...)...))..................,2.247295675785076,..........((........))..................,PUM2,TCCGCG40NTCT,AAG,NNUGUAYAGK,1.0,2,monomeric,Secondary,Experiment_1,0,,linear,[AUGC][AUGC]UGUA[UC]AG[GU]
47,47_PUM2_TCCGCG40NTCT_AAG_4-976-15-104.12-60.model_params,"[(('.', '.'), (0, 3)), (('U', 'U'), (13, 40)), (('C', 'A'), (17, 20)), (('A', 'A'), (24, 48)), (('U', '.'), (25, 38)), (('U', 'G'), (25, 39)), (('.', '.'), (26, 37)), (('.', '.'), (26, 38)), (('.', '.'), (27, 36)), (('.', '.'), (27, 37)), (('.', '.'), (28, 35)), (('.', '.'), (28, 36)), (('.', '.'), (29, 34)), (('.', '.'), (29, 35)), (('.', '.'), (30, 34))]",.....(.........)............,1.5006978905092805,............................,PUM2,TCCGCG40NTCT,AAG,NUGUAAAUAGKN,2.0,2,monomeric,Primary,Experiment_1,8,,linear,[AUGC]UGUAAAUAG[GU][AUGC]
48,48_QKI_TCACTG40NACC_AAG_4-77-8-48.20-36.model_params,"[(('C', '.'), (14, 23)), (('C', 'A'), (14, 24)), (('.', '.'), (15, 22)), (('.', '.'), (15, 23)), (('.', '.'), (16, 21)), (('.', '.'), (16, 22)), (('.', '.'), (17, 20)), (('.', '.'), (17, 21)), (('C', 'A'), (29, 38)), (('A', '.'), (38, 46)), (('A', 'G'), (38, 47)), (('.', '.'), (39, 45)), (('.', '.'), (39, 46)), (('.', '.'), (40, 44)), (('.', '.'), (40, 45)), (('.', '.'), (41, 44)), (('C', 'U'), (50, 54)), (('C', 'U'), (63, 66))]",...................................(..).,0.8620939689235882,........................................,QKI,TAAGTT40NTCGA,AAG,NUACUAACAWN,1.0,3b-,monomeric,Primary,Experiment_1,1,,linear,[AUGC]UACUAACA[AU][AUGC]
49,49_QKI_TCACTG40NACC_AAG_4-77-8-48.20-31.model_params,"[(('A', 'G'), (9, 23)), (('A', 'U'), (9, 24)), (('A', 'U'), (9, 25)), (('.', '.'), (10, 22)), (('.', 'G'), (10, 23)), (('.', '.'), (11, 21)), (('.', '.'), (11, 22)), (('.', '.'), (12, 20)), (('.', '.'), (12, 21)), (('.', '.'), (13, 19)), (('.', '.'), (13, 20)), (('.', '.'), (14, 18)), (('.', '.'), (14, 19)), (('.', '.'), (15, 18))]",....................,0.0,....................,QKI,TCACTG40NACC,AAG,ACUAACANNACUAACA,2.0,4b-,dimeric,Secondary,Experiment_1,0,,linear,ACUAACA[AUGC][AUGC]ACUAACA
4,4_CELF3-construct2_TGTTCG40NGAC_EMO_4-991-52-118.92-22.model_params,"[(('A', '.'), (12, 15)), (('A', 'U'), (12, 16)), (('A', 'U'), (23, 26)), (('U', 'U'), (26, 32)), (('U', 'U'), (26, 33)), (('U', 'G'), (26, 37)), (('U', 'G'), (33, 37)), (('G', '.'), (37, 40)), (('G', 'G'), (37, 41)), (('U', 'G'), (42, 45)), (('U', 'G'), (46, 52)), (('A', '.'), (47, 51)), (('.', '.'), (48, 51))]",....................(..)...............,0.928161997797912,.......................................,CELF3,TGTTCG40NGAC,AAG,UGUGUNUGUGU,1.0,4,dimeric,Primary,Experiment_1,2,,linear,UGUGU[AUGC]UGUGU
50,50_RBFOX1-construct2_TTGCGA40NTACG_AAG_4-992-1-6.10-160758.model_params,"[(('G', 'G'), (18, 21)), (('U', 'G'), (22, 26)), (('U', 'C'), (22, 27)), (('A', 'U'), (28, 31)), (('A', 'C'), (28, 52)), (('U', '.'), (33, 49)), (('U', 'U'), (33, 50)), (('.', '.'), (34, 48)), (('.', '.'), (34, 49)), (('.', '.'), (35, 47)), (('.', '.'), (35, 48)), (('.', '.'), (36, 46)), (('.', '.'), (36, 47)), (('.', '.'), (37, 45)), (('.', '.'), (37, 46)), (('.', '.'), (38, 44)), (('.', '.'), (38, 45)), (('.', '.'), (39, 43)), (('.', '.'), (39, 44))]",.................................,0.0,.................................,RBFOX1,TTGCGA40NTACG,AAG,GCAUGNNGCAUG,1.0,4,dimeric,Secondary,Replicate,0,,linear,GCAUG[AUGC][AUGC]GCAUG
50,50_RBFOX1-construct4_TGGTCG40NTCGG_AAG_4-8726-2-12.59-4290.model_params,"[(('.', '.'), (16, 23)), (('.', '.'), (17, 21)), (('.', '.'), (17, 22)), (('.', '.'), (18, 21)), (('U', 'A'), (25, 52)), (('C', 'G'), (26, 51)), (('G', 'C'), (27, 35)), (('G', 'C'), (27, 50)), (('.', '.'), (28, 33)), (('.', '.'), (28, 34)), (('.', '.'), (29, 32)), (('.', '.'), (29, 33)), (('.', '.'), (29, 34)), (('C', 'G'), (35, 49)), (('U', '.'), (37, 40)), (('U', 'U'), (37, 41)), (('C', 'G'), (50, 53)), (('C', '.'), (50, 54)), (('G', '.'), (51, 55))]",((((..........)))).,7.369625726174669,((((..........)))).,RBFOX1,TTGCGA40NTACG,AAG,GCAUGNNGCAUG,1.0,4,dimeric,Secondary,Replicate,0,,linear,GCAUG[AUGC][AUGC]GCAUG
50,50_RBFOX1_TGTCTT40NTTC_AAG_4-969-1-6.43-153448.model_params,"[(('G', 'G'), (0, 3)), (('G', '.'), (11, 23)), (('G', 'U'), (11, 24)), (('U', '.'), (12, 23)), (('U', 'U'), (12, 24)), (('.', '.'), (13, 22)), (('.', '.'), (13, 23)), (('.', '.'), (14, 21)), (('.', '.'), (14, 22)), (('.', '.'), (15, 20)), (('.', '.'), (15, 21)), (('.', '.'), (16, 20)), (('G', 'A'), (25, 28)), (('G', 'U'), (33, 44)), (('G', 'U'), (34, 44)), (('.', '.'), (35, 42)), (('.', '.'), (35, 43)), (('.', '.'), (36, 42)), (('.', '.'), (36, 43)), (('U', 'U'), (44, 48))]",(..)....................................,0.7413265384850438,........................................,RBFOX1,TTGCGA40NTACG,AAG,GCAUGNNGCAUG,1.0,4,dimeric,Secondary,Replicate,0,,linear,GCAUG[AUGC][AUGC]GCAUG
51,51_RBM14_TTAGCA40NGGT_AAG_4-804-5-24.19-248.model_params,"[(('C', 'G'), (1, 4)), (('G', 'U'), (8, 12)), (('G', 'U'), (9, 12)), (('G', 'A'), (18, 27)), (('G', 'U'), (18, 28)), (('G', 'G'), (18, 29)), (('.', '.'), (19, 25)), (('.', '.'), (19, 26)), (('.', '.'), (20, 24)), (('.', '.'), (20, 25)), (('.', '.'), (21, 24)), (('G', 'G'), (29, 38)), (('.', '.'), (30, 36)), (('.', '.'), (30, 37)), (('.', '.'), (31, 35)), (('.', '.'), (31, 36)), (('.', '.'), (32, 35)), (('G', 'G'), (42, 46)), (('G', 'G'), (43, 46)), (('G', 'A'), (43, 47)), (('G', 'G'), (48, 51)), (('G', 'G'), (49, 52)), (('U', 'C'), (50, 53))]",................(..).........(..).......,1.2893098237324758,........................................,RBM14,TATGGA40NAGCC,AAG,GGKUGCGUCG,1.0,4,monomeric,Primary,Experiment_1,2,,linear,GG[GU]UGCGUCG
52,52_RBM14_TTAGCA40NGGT_AAG_4-90-36-174.14-1.model_params,"[(('U', 'U'), (11, 14)), (('G', 'G'), (17, 21)), (('.', 'U'), (31, 42)), (('.', '.'), (36, 40)), (('.', '.'), (36, 41)), (('.', '.'), (37, 40)), (('U', 'U'), (48, 51))]",...................................(..).,0.5743814697649077,........................................,RBM14,TTAGCA40NGGT,AAG,UGCGUCG,1.0,4,monomeric,Primary,Replicate,0,,linear,UGCGUCG
53,53_RBM24_TGAAGA40NATG_AAG_4-93-7-35.63-50.model_params,"[(('G', 'G'), (0, 3)), (('U', '.'), (9, 12)), (('U', 'A'), (9, 13)), (('U', 'G'), (9, 16)), (('A', 'G'), (13, 16)), (('U', 'G'), (17, 20)), (('U', 'G'), (21, 24)), (('U', '.'), (25, 31)), (('U', 'G'), (25, 32)), (('.', '.'), (26, 30)), (('.', '.'), (26, 31)), (('.', '.'), (27, 30)), (('.', '.'), (27, 31)), (('G', 'U'), (35, 40)), (('.', '.'), (36, 39)), (('A', 'A'), (43, 47)), (('.', 'C'), (46, 55)), (('A', 'G'), (47, 50)), (('U', 'C'), (51, 55)), (('U', 'G'), (51, 59)), (('C', 'G'), (55, 59)), (('C', 'C'), (65, 69)), (('U', 'C'), (66, 69))]",...................................(..).,0.9171400102063494,........................................,RBM24,TGAAGA40NATG,AAG,GUGUGNGUGUG,1.0,4,dimeric,Primary,Experiment_1,1,,linear,GUGUG[AUGC]GUGUG
54,54_RBM28_TTCTTT40NCAG_AAG_4-941-12-63.04-50.model_params,"[(('G', 'U'), (1, 4)), (('C', 'G'), (2, 5)), (('G', 'C'), (7, 10)), (('G', 'G'), (19, 22)), (('G', 'G'), (19, 24)), (('C', 'G'), (21, 24)), (('G', 'U'), (22, 25)), (('U', 'G'), (36, 39))]",.......(..)........................(..),1.1570163944000562,.......................................,RBM28,TTCTTT40NCAG,AAG,GRGGCCGNGCGGUGG,2.0,3,monomeric,Primary,Experiment_1,4,,linear,G[AG]GGCCG[AUGC]GCGGUGG
55,55_RBM28_TTCTTT40NCAG_AAG_4-827-14-73.55-42.model_params,"[(('U', 'G'), (15, 18)), (('.', '.'), (19, 22)), (('U', 'C'), (40, 43)), (('U', 'C'), (40, 44)), (('U', 'U'), (40, 45)), (('A', 'C'), (41, 44))]",.................................(..)..,0.5574564383400302,.......................................,RBM28,TTCTTT40NCAG,AAG,GUGGGUCUCGG,1.0,3,monomeric,Secondary,Experiment_1,0,,linear,GUGGGUCUCGG
56,56_RBM38_TCGTCC40NGCC_AAG_4-98-41-290.90-2.model_params,"[(('G', 'U'), (8, 12)), (('U', '.'), (12, 18)), (('U', 'G'), (12, 19)), (('U', '.'), (12, 22)), (('.', '.'), (13, 17)), (('.', '.'), (13, 18)), (('G', '.'), (19, 22)), (('G', 'U'), (19, 23)), (('U', 'G'), (23, 32)), (('.', '.'), (24, 29)), (('.', '.'), (24, 30)), (('.', '.'), (24, 31)), (('.', '.'), (25, 29)), (('.', '.'), (25, 30)), (('.', '.'), (25, 31)), (('U', 'G'), (36, 42)), (('U', 'G'), (47, 54)), (('G', 'G'), (48, 54)), (('.', '.'), (49, 53)), (('G', 'U'), (54, 57)), (('U', 'G'), (57, 61)), (('U', '.'), (65, 70)), (('U', 'G'), (65, 71)), (('.', '.'), (80, 83))]",............................,0.0,............................,RBM38,TCGTCC40NGCC,AAG,KKGUGUGUGUGUKK,1.0,4,monomeric,Primary,Experiment_1,1,,linear,[GU][GU]GUGUGUGUGU[GU][GU]
57,57_RBM4_TTCGGA40NCGC_AAG_4-997-17-72.02-37.model_params,"[(('A', '.'), (10, 14)), (('A', 'A'), (10, 15)), (('.', '.'), (11, 14)), (('A', 'U'), (16, 47)), (('C', 'G'), (17, 45)), (('C', 'G'), (17, 46)), (('C', 'G'), (18, 44)), (('C', 'G'), (18, 45)), (('C', 'G'), (18, 46)), (('C', 'G'), (19, 43)), (('C', 'G'), (19, 44)), (('C', 'G'), (19, 45)), (('A', 'G'), (20, 33)), (('A', 'G'), (20, 43)), (('A', 'G'), (20, 44)), (('U', 'G'), (21, 33)), (('U', 'U'), (21, 35)), (('U', 'G'), (21, 43)), (('.', '.'), (22, 31)), (('.', '.'), (22, 32)), (('G', 'G'), (41, 44))]",............(((((...........))))).......,3.78470295971545,............(((((...........))))).......,RBM4,TTCGGA40NCGC,AAG,CGGGGURUGN,1.0,3,monomeric,Secondary,Experiment_1,0,,linear,CGGGGU[AG]UG[AUGC]
58,58_RBM42_TGGTCTG26N_EMJ_4-982-36-73.09-38.model_params,"[(('C', 'G'), (6, 19))]",......(.........).......,0.8394783516419553,........................,RBM42,TAGATG40NTAT,EMJ,NGGAACUAAN,1.0,4b0,monomeric,Primary,Experiment_1,1,,linear,[AUGC]GGAACUAA[AUGC]
59,59_RBM46_TGGGAG40NAGG_EMO_4-91-4-38.65-81.model_params,"[(('G', 'A'), (11, 17)), (('.', '.'), (12, 15)), (('.', '.'), (12, 16)), (('A', 'G'), (17, 20)), (('A', 'G'), (17, 28)), (('G', 'G'), (20, 28)), (('G', 'A'), (20, 38)), (('.', '.'), (21, 26)), (('.', '.'), (21, 27)), (('G', 'A'), (28, 38)), (('G', 'G'), (28, 39)), (('.', '.'), (29, 35)), (('.', '.'), (29, 36)), (('.', '.'), (29, 37)), (('.', '.'), (30, 35)), (('.', '.'), (30, 36)), (('.', '.'), (30, 37)), (('.', '.'), (31, 35)), (('G', 'G'), (39, 44)), (('G', 'G'), (40, 44)), (('G', 'G'), (41, 44)), (('G', 'U'), (41, 45)), (('U', 'U'), (45, 58)), (('G', '.'), (46, 56)), (('G', 'C'), (46, 57)), (('.', '.'), (47, 55)), (('.', '.'), (47, 56)), (('.', 'C'), (47, 57)), (('.', '.'), (48, 54)), (('.', '.'), (48, 55)), (('.', '.'), (49, 53)), (('.', '.'), (49, 54)), (('U', 'G'), (63, 70)), (('.', '.'), (64, 68)), (('.', '.'), (64, 69)), (('.', '.'), (65, 68)), (('G', '.'), (71, 81)), (('G', 'U'), (72, 82)), (('.', '.'), (73, 80)), (('.', '.'), (73, 81)), (('.', '.'), (74, 79)), (('.', '.'), (74, 80)), (('.', '.'), (75, 79)), (('G', 'G'), (83, 86)), (('G', '.'), (86, 89))]",................(..)(..).............,1.2669523749700435,.....................................,RBM46,TGGGAG40NAGG,EMO,GUGAUUG,1.0,4b0,monomeric,Primary,Experiment_1,3,,linear,GUGAUUG
5,5_CELF4-construct2_TTGGAC40NGTG_AAG_4-99-106-465.86-2.model_params,"[(('U', 'U'), (19, 26)), (('.', '.'), (20, 24)), (('.', '.'), (20, 25)), (('U', '.'), (26, 29)), (('U', 'A'), (26, 30)), (('G', 'U'), (31, 38)), (('G', '.'), (33, 37)), (('G', 'U'), (33, 38)), (('.', '.'), (34, 37)), (('U', '.'), (38, 45)), (('U', 'G'), (38, 46)), (('.', '.'), (39, 44)), (('.', '.'), (39, 45)), (('.', '.'), (40, 44)), (('.', '.'), (40, 45)), (('U', 'G'), (47, 51)), (('.', 'U'), (50, 56)), (('U', 'U'), (52, 56)), (('U', 'G'), (52, 57))]",.....................................,0.0,.....................................,CELF4,TTATGG40NCGTT,AAH,UGUGUUGUGU,1.0,3,dimeric,Primary,Experiment_1,1,,linear,UGUGUUGUGU
5,5_CELF4_TTATGG40NCGTT_AAH_3-93-32-117.60-8.model_params,"[(('U', 'G'), (11, 14)), (('G', 'U'), (17, 20)), (('U', 'G'), (20, 27)), (('.', '.'), (21, 26)), (('G', 'U'), (27, 30)), (('.', '.'), (29, 35)), (('U', '.'), (30, 35)), (('U', 'A'), (30, 36)), (('.', '.'), (31, 34)), (('.', '.'), (31, 35)), (('U', 'G'), (38, 43)), (('.', '.'), (39, 42)), (('U', '.'), (44, 50)), (('U', 'G'), (44, 51)), (('.', '.'), (45, 49)), (('.', '.'), (45, 50)), (('.', '.'), (46, 49)), (('U', '.'), (54, 58)), (('U', 'A'), (54, 59)), (('.', '.'), (55, 58))]",.................................,0.0,.................................,CELF4,TTATGG40NCGTT,AAH,UGUGUUGUGU,1.0,3,dimeric,Primary,Experiment_1,1,,linear,UGUGUUGUGU
60,60_RBMS1_TGAGAG40NCGC_AAG_4-7173-2-11.83-6873.model_params,"[(('A', 'A'), (2, 5)), (('G', 'G'), (7, 10)), (('A', 'U'), (12, 15)), (('U', 'U'), (15, 21)), (('A', '.'), (16, 20)), (('A', 'U'), (16, 21)), (('A', 'A'), (16, 23)), (('U', 'U'), (17, 21)), (('G', 'C'), (26, 29)), (('A', 'A'), (35, 38)), (('A', 'C'), (36, 39)), (('U', 'G'), (37, 40))]",............(..).......(..)...........,1.5008602761961098,......................................,RBMS1,TATTCA40NTCAG,AAG,GUAUUUAKNGGG,1.0,3,monomeric,Secondary,Experiment_1,0,,linear,GUAUUUA[GU][AUGC]GGG
61,61_RBMS1_TGAGAG40NCGC_AAG_4-850-13-76.88-42.model_params,"[(('G', 'U'), (7, 11)), (('C', 'U'), (8, 11)), (('C', 'G'), (21, 31)), (('.', '.'), (22, 29)), (('.', '.'), (22, 30)), (('.', '.'), (23, 27)), (('.', '.'), (23, 28)), (('.', '.'), (23, 29)), (('.', '.'), (23, 30)), (('.', '.'), (24, 27)), (('.', '.'), (24, 28)), (('G', 'G'), (35, 38)), (('C', 'G'), (39, 42)), (('G', 'U'), (42, 49)), (('.', '.'), (43, 47)), (('.', '.'), (43, 48)), (('.', '.'), (44, 47))]",............................(..)........,0.3961711273309848,........................................,RBMS1,TATTCA40NTCAG,AAG,UUAUAAUCAAC,2.0,3,monomeric,Secondary,Experiment_1,0,,linear,UUAUAAUCAAC
62,62_RBMS2_TATGGT40NATA_EMQ_4-10480-1-4.87-151717.model_params,"[(('G', 'A'), (3, 6)), (('U', 'C'), (4, 7)), (('G', 'G'), (12, 15)), (('G', 'G'), (17, 20)), (('A', 'G'), (18, 21)), (('A', 'C'), (22, 33)), (('A', 'G'), (22, 34)), (('.', '.'), (23, 30)), (('.', '.'), (23, 31)), (('.', '.'), (23, 32)), (('.', '.'), (24, 29)), (('.', '.'), (24, 30)), (('.', '.'), (24, 31)), (('.', '.'), (24, 32)), (('.', '.'), (25, 29)), (('.', '.'), (25, 30)), (('.', '.'), (26, 29)), (('.', '.'), (26, 30)), (('U', 'G'), (35, 40)), (('.', '.'), (36, 39)), (('A', 'G'), (51, 54))]",........................................,0.0,........................................,RBMS2,TATGCT40NACT,EMO,CAGUGAUUGG,1.0,4b0,monomeric,Secondary,Replicate,0,,linear,CAGUGAUUGG
63,63_RBMS2_TATGGT40NATA_EMQ_4-453-13-63.37-21.model_params,"[(('G', 'A'), (0, 29)), (('C', 'G'), (1, 4)), (('C', 'G'), (1, 5)), (('G', 'G'), (2, 5)), (('A', 'G'), (10, 15)), (('C', 'G'), (11, 15)), (('C', 'U'), (11, 16)), (('C', 'U'), (21, 24)), (('A', 'U'), (25, 28)), (('A', 'G'), (29, 54)), (('C', 'A'), (35, 48)), (('C', 'A'), (35, 49)), (('.', '.'), (36, 45)), (('.', '.'), (36, 46)), (('.', '.'), (36, 47)), (('.', '.'), (37, 45)), (('.', '.'), (37, 46)), (('.', '.'), (37, 47)), (('A', 'G'), (48, 51)), (('U', 'U'), (50, 53)), (('G', 'C'), (54, 57)), (('G', 'C'), (55, 58))]",.(..).............................(..)..,0.4267012763847064,........................................,RBMS2,TATGGT40NATA,EMQ,CGNUAUAUAG,1.0,4b-,monomeric,Secondary,Experiment_1,0,,linear,CG[AUGC]UAUAUAG
64,64_RBPMS_TTCGGG40NATGT_AAH_3-55-8-29.89-69.model_params,"[(('U', '.'), (12, 22)), (('U', 'U'), (12, 23)), (('.', '.'), (13, 21)), (('.', '.'), (13, 22)), (('.', '.'), (14, 20)), (('.', '.'), (14, 21)), (('.', '.'), (15, 19)), (('.', '.'), (15, 20)), (('A', '.'), (29, 38)), (('A', 'C'), (29, 39)), (('.', '.'), (30, 37)), (('.', '.'), (30, 38)), (('.', '.'), (31, 36)), (('.', '.'), (31, 37)), (('.', '.'), (32, 35)), (('.', '.'), (32, 36)), (('A', 'A'), (45, 51)), (('.', '.'), (46, 49)), (('.', '.'), (46, 50))]",........................................,0.0,........................................,RBPMS,TTCGGG40NATGT,AAG,NAGGCACR,1.0,3,monomeric,Primary,Experiment_1,1,,linear,[AUGC]AGGCAC[AG]
65,65_RBPMS_TTCGGG40NATGT_AAH_3-55-8-29.89-57.model_params,"[(('C', 'C'), (11, 24)), (('C', 'G'), (11, 25)), (('A', '.'), (12, 23)), (('A', 'C'), (12, 24)), (('.', '.'), (13, 22)), (('.', '.'), (13, 23)), (('.', '.'), (14, 21)), (('.', '.'), (14, 22)), (('.', '.'), (15, 20)), (('.', '.'), (15, 21)), (('.', '.'), (16, 19)), (('.', '.'), (16, 20)), (('A', 'U'), (27, 30))]",...........(..)........................,0.6886009095698218,.......................................,RBPMS,TTCGGG40NATGT,AAG,UCACGNGCACN,1.0,3,dimeric,Secondary,Experiment_1,0,,linear,UCACG[AUGC]GCAC[AUGC]
66,66_RBPMS2_TCTAAA40NCGC_EMN_4-9564-13-12.81-840.model_params,"[(('G', '.'), (12, 16)), (('G', 'G'), (12, 17)), (('.', '.'), (13, 16)), (('C', 'A'), (23, 32)), (('C', 'G'), (23, 33)), (('.', '.'), (24, 30)), (('.', '.'), (24, 31)), (('.', '.'), (25, 29)), (('.', '.'), (25, 30)), (('.', '.'), (25, 31)), (('.', '.'), (26, 29))]",........................................,0.0,........................................,RBPMS2,TCTAAA40NCGC,EMN,CACAGNGCACA,1.0,4,dimeric,Secondary,Experiment_1,0,,linear,CACAG[AUGC]GCACA
67,67_RBPMS2_TCTAAA40NCGC_EMN_4-9564-13-12.81-665.model_params,"[(('U', 'C'), (15, 18)), (('G', 'U'), (22, 29)), (('.', '.'), (23, 27)), (('.', '.'), (23, 28)), (('.', '.'), (24, 27)), (('.', '.'), (24, 28)), (('A', 'U'), (37, 40))]",........................................,0.0,........................................,RBPMS2,TCTAAA40NCGC,EMN,UCACRUGCACA,1.0,4,dimeric,Secondary,Experiment_1,0,,linear,UCAC[AG]UGCACA
68,68_RBPMS2_TCTAAA40NCGC_EMN_4-983-77-75.86-14.model_params,"[(('C', 'U'), (3, 6)), (('G', 'G'), (4, 7)), (('G', 'A'), (10, 26)), (('G', 'G'), (10, 27)), (('.', '.'), (11, 24)), (('.', '.'), (11, 25)), (('.', '.'), (12, 23)), (('.', '.'), (12, 24)), (('.', '.'), (12, 25)), (('.', '.'), (13, 22)), (('.', '.'), (13, 23)), (('.', '.'), (14, 21)), (('.', '.'), (14, 22)), (('.', '.'), (15, 21)), (('A', 'U'), (28, 42)), (('C', 'U'), (29, 42)), (('.', '.'), (30, 40)), (('.', '.'), (30, 41)), (('.', '.'), (31, 39)), (('.', '.'), (31, 40)), (('.', '.'), (31, 41)), (('.', '.'), (32, 39)), (('C', 'C'), (52, 69)), (('.', '.'), (53, 67)), (('.', '.'), (53, 68)), (('.', '.'), (54, 66)), (('.', '.'), (54, 67)), (('.', '.'), (55, 65)), (('.', '.'), (55, 66)), (('.', '.'), (56, 64)), (('.', '.'), (56, 65)), (('.', '.'), (57, 63)), (('.', '.'), (57, 64)), (('.', '.'), (58, 62)), (('.', '.'), (58, 63)), (('C', 'A'), (79, 82)), (('C', 'C'), (79, 83)), (('G', 'C'), (80, 83))]",....................................(..),0.4888849413317018,........................................,RBPMS2,TCTAAA40NCGC,EMN,UGCACA,1.0,4,monomeric,Primary,Experiment_1,1,,linear,UGCACA
69,69_RNPC3_TTAACA40NTGT_AAH_3-92-60-269.95-1.model_params,"[(('G', 'G'), (0, 3)), (('G', 'G'), (1, 4)), (('G', 'A'), (2, 5)), (('G', 'U'), (7, 10)), (('G', 'G'), (7, 11)), (('G', 'G'), (15, 20)), (('.', '.'), (16, 19)), (('.', 'U'), (19, 23)), (('G', 'U'), (20, 23)), (('A', 'A'), (24, 27)), (('A', 'G'), (27, 30))]",(..)...(..).....(..)...................,2.8377272503701163,.......................................,RNPC3,TGCGCT40NTGA,AAG,GGGUSUACGGGGU,2.0,3,monomeric,Primary,Experiment_1,1,,linear,GGGU[GC]UACGGGGU
6,6_CSDA_TGCCAG40NATA_AAH_3-882-2-7.60-129726.model_params,"[(('A', 'A'), (12, 15)), (('U', 'C'), (17, 20)), (('C', 'A'), (20, 23)), (('A', 'A'), (23, 30)), (('G', 'G'), (24, 28)), (('G', 'U'), (24, 29)), (('A', 'A'), (32, 37)), (('U', 'A'), (33, 37)), (('U', 'A'), (33, 38))]",.................(..)(...)..............,0.7207709686505436,........................................,CSDA,TGAAGC40NCTA,AAG,UAACAUCA,1.0,4,monomeric,Primary,Experiment_1,1,,linear,UAACAUCA
70,70_RNPC3_TTAACA40NTGT_AAH_3-92-60-269.95-2.model_params,"[(('G', 'U'), (0, 3)), (('G', 'G'), (2, 5)), (('G', 'G'), (5, 8)), (('G', 'C'), (5, 9)), (('G', 'G'), (13, 17)), (('G', '.'), (17, 21)), (('G', 'U'), (17, 22)), (('U', 'G'), (22, 27)), (('U', 'C'), (22, 28)), (('.', '.'), (23, 26)), (('G', 'A'), (31, 34)), (('A', 'G'), (38, 45)), (('U', 'G'), (39, 45)), (('U', 'G'), (39, 46)), (('.', '.'), (40, 44))]",(..).(..).....(..)...............,3.3352050903476638,.................................,RNPC3,TTAACA40NTGT,AAH,GGGDDGGGDKUACKKGGK,2.0,3,monomeric,Primary,Replicate,0,,linear,GGG[GAU][GAU]GGG[GAU][GU]UAC[GU][GU]GG[GU]
71,71_SART3_TTTCAA40NTGA_AAH_3-98-6-24.88-248.model_params,"[(('.', '.'), (2, 5)), (('.', '.'), (2, 6)), (('.', '.'), (2, 7)), (('.', '.'), (4, 7)), (('.', '.'), (7, 10)), (('G', 'A'), (13, 16)), (('A', 'A'), (24, 27)), (('G', 'G'), (25, 28)), (('G', '.'), (32, 35))]",.....................,0.0,.....................,SART3,TTGGTG40NCTAA,AAG,NGUUAGCRK,1.0,3,monomeric,Primary,Experiment_1,2,,linear,[AUGC]GUUAGC[AG][GU]
72,72_SNRNP70_TCTCGT40NGCC_AAH_3-94-12-50.93-50.model_params,"[(('.', '.'), (1, 4)), (('.', '.'), (5, 14)), (('.', 'G'), (5, 15)), (('.', '.'), (6, 13)), (('.', '.'), (6, 14)), (('.', '.'), (7, 12)), (('.', '.'), (7, 13)), (('.', '.'), (8, 12)), (('A', 'G'), (19, 22)), (('U', 'G'), (20, 23)), (('U', 'G'), (20, 24)), (('G', 'U'), (22, 25)), (('A', 'G'), (33, 36)), (('A', 'G'), (34, 42)), (('G', 'G'), (35, 42)), (('G', 'A'), (35, 43)), (('G', 'G'), (36, 42)), (('G', 'A'), (36, 43)), (('.', '.'), (37, 40)), (('.', '.'), (37, 41)), (('.', 'U'), (41, 44))]",.....(..)..........(..)...........,1.981975716443158,..................................,SNRNP70,TCTCGT40NGCC,AAH,GNUCANGNNG,1.0,3,monomeric,Secondary,Experiment_1,0,,linear,G[AUGC]UCA[AUGC]G[AUGC][AUGC]G
73,73_SNRNP70_TCTCGT40NGCC_AAH_3-67-14-59.42-22.model_params,"[(('A', 'G'), (14, 17)), (('U', 'G'), (15, 18)), (('G', 'U'), (16, 25)), (('G', 'U'), (18, 25)), (('.', '.'), (19, 23)), (('.', '.'), (19, 24)), (('.', '.'), (20, 23)), (('A', 'G'), (34, 37)), (('G', 'A'), (35, 38)), (('G', 'C'), (40, 43)), (('G', 'G'), (41, 44))]",.......(..)..........(..)..(..),3.7205521116691114,...............................,SNRNP70,TCTCGT40NGCC,AAH,GUUCAAGGUG,1.0,3,monomeric,Primary,Experiment_1,1,,linear,GUUCAAGGUG
74,74_SNRPA_TTGTGA40NTCCC_AAH_3-5-6-17.74-2.model_params,"[(('A', 'G'), (1, 4)), (('G', 'C'), (3, 6)), (('A', 'C'), (14, 20)), (('U', 'G'), (18, 23)), (('G', 'U'), (23, 26))]",.......................................,0.0,.......................................,SNRPA,TGTCTA40NTCG,AAG,CAUUGCACN,1.0,2,monomeric,Secondary,Experiment_1,0,,linear,CAUUGCAC[AUGC]
75,75_SNRPA_TTGTGA40NTCCC_AAH_3-5-6-17.74-10.model_params,"[(('A', 'G'), (12, 16)), (('C', 'G'), (19, 22)), (('G', '.'), (25, 40)), (('G', 'C'), (25, 41)), (('.', '.'), (26, 39)), (('.', '.'), (26, 40)), (('.', '.'), (27, 38)), (('.', '.'), (27, 39)), (('.', '.'), (28, 37)), (('.', '.'), (28, 38)), (('.', '.'), (29, 36)), (('.', '.'), (29, 37)), (('.', '.'), (30, 35)), (('.', '.'), (30, 36)), (('.', '.'), (31, 34)), (('.', '.'), (31, 35)), (('C', 'A'), (43, 49))]",........................................,0.0,........................................,SNRPA,TGTCTA40NTCG,AAG,NUGCACR,1.0,2,monomeric,Primary,Experiment_1,2,,linear,[AUGC]UGCAC[AG]
76,76_SNRPB2_TGGTCA40NGTG_AAG_4-998-13-79.42-60.model_params,"[(('G', 'C'), (7, 22)), (('.', '.'), (8, 20)), (('.', '.'), (8, 21)), (('.', '.'), (9, 19)), (('.', '.'), (9, 20)), (('.', '.'), (9, 21)), (('.', '.'), (10, 18)), (('.', '.'), (10, 19)), (('.', '.'), (11, 17)), (('.', '.'), (11, 18)), (('.', '.'), (12, 16)), (('.', '.'), (12, 17)), (('G', 'G'), (24, 27)), (('A', 'G'), (33, 39)), (('A', 'G'), (40, 45)), (('A', 'G'), (41, 45))]",........................................,0.0,........................................,SNRPB2,TGGTCA40NGTG,AAG,GGGUGUGCAC,1.0,3,monomeric,Secondary,Experiment_1,0,,linear,GGGUGUGCAC
77,77_SNRPB2_TGGTCA40NGTG_AAG_4-945-14-85.53-48.model_params,"[(('U', 'C'), (8, 15)), (('G', 'C'), (9, 15)), (('G', 'A'), (9, 16)), (('.', '.'), (10, 13)), (('.', '.'), (10, 14)), (('C', 'G'), (29, 33)), (('G', 'G'), (40, 43))]",................................(..)....,0.5430624254366293,........................................,SNRPB2,TGGTCA40NGTG,AAG,NNCAUUGCACN,1.0,3,monomeric,Primary,Experiment_1,2,,linear,[AUGC][AUGC]CAUUGCAC[AUGC]
78,78_TARDBP_TCAGTA40NACC_AAG_4-93-20-87.60-10.model_params,"[(('G', '.'), (16, 20)), (('G', 'U'), (16, 21)), (('.', '.'), (17, 20)), (('G', 'G'), (27, 30)), (('G', '.'), (35, 38)), (('G', 'A'), (35, 41)), (('.', 'G'), (37, 48))]",.................................,0.0,.................................,TARDBP,TCAGTA40NACC,AAG,GUGUGAAUGG,1.0,4,monomeric,Primary,Experiment_1,2,,linear,GUGUGAAUGG
79,79_TARDBP_TCAGTA40NACC_AAG_4-93-20-87.60-9.model_params,"[(('G', '.'), (6, 17)), (('G', '.'), (13, 17)), (('G', 'U'), (13, 18)), (('.', '.'), (14, 17)), (('G', 'A'), (20, 24)), (('U', 'G'), (28, 31)), (('U', 'A'), (32, 37)), (('.', '.'), (33, 36)), (('G', 'G'), (38, 42)), (('.', 'G'), (41, 47)), (('U', 'G'), (43, 47)), (('U', 'G'), (43, 51)), (('G', '.'), (47, 50)), (('G', 'G'), (47, 51)), (('G', 'C'), (62, 65))]",........................................,0.0,........................................,TARDBP,TCAGTA40NACC,AAG,GUGUGNGUGUG,1.0,4,dimeric,Secondary,Experiment_1,0,,linear,GUGUG[AUGC]GUGUG
7,7_CSTF2_TTTAGG40NTCT_EMO_4-75-4-62.22-0.model_params,"[(('G', 'U'), (0, 3)), (('U', 'A'), (3, 6)), (('C', 'C'), (17, 25)), (('.', 'U'), (19, 28)), (('C', 'G'), (25, 29)), (('U', 'G'), (35, 39)), (('G', 'G'), (36, 39)), (('C', 'G'), (37, 40))]",.................(....)...............,0.4962026396617898,......................................,CSTF2,TTCTGG40NACTT,AAG,RRGGCGUAGCGUNN,2.0,3,monomeric,Primary,Experiment_1,1,,linear,[AG][AG]GGCGUAGCGU[AUGC][AUGC]
80,80_THUMPD1_TCGAAT40NAGG_AAG_4-987-21-117.59-26.model_params,"[(('U', 'G'), (13, 16)), (('G', 'G'), (18, 21)), (('A', '.'), (28, 34)), (('A', 'U'), (28, 35)), (('.', '.'), (29, 33)), (('.', '.'), (29, 34)), (('.', '.'), (30, 33)), (('U', 'U'), (46, 49))]",....................................(..),1.1693783062346856,........................................,THUMPD1,TCCTGC40NTGCC,AAG,UUCGUGGCUUG,1.0,3,monomeric,Primary,Experiment_1,1,,linear,UUCGUGGCUUG
81,81_THUMPD1_TCGAAT40NAGG_AAG_4-939-22-123.19-45.model_params,"[(('C', 'A'), (6, 9)), (('U', 'G'), (8, 17)), (('A', 'G'), (9, 17)), (('A', '.'), (10, 15)), (('A', 'G'), (10, 16)), (('A', 'G'), (10, 17)), (('.', '.'), (11, 14)), (('.', '.'), (11, 15)), (('G', 'U'), (32, 35)), (('G', 'G'), (32, 36))]",.........(..)..............(..).......,2.675734012503331,......................................,THUMPD1,TCCTGC40NTGCC,AAG,WGCGCGGUYUU,1.0,3,monomeric,Secondary,Experiment_1,0,,linear,[AU]GCGCGGU[UC]UU
82,82_YBX1_TGCGCC40NCGC_AAH_3-42-6-18.92-69.model_params,"[(('.', 'G'), (3, 6)), (('G', 'G'), (4, 7)), (('G', 'G'), (7, 11)), (('U', 'G'), (9, 12)), (('G', 'C'), (10, 13)), (('G', 'U'), (16, 27)), (('.', '.'), (17, 25)), (('.', '.'), (17, 26)), (('.', '.'), (18, 24)), (('.', '.'), (18, 25)), (('.', '.'), (18, 26)), (('.', '.'), (19, 23)), (('.', '.'), (19, 24)), (('.', '.'), (20, 23)), (('U', 'G'), (32, 40)), (('.', '.'), (35, 38)), (('.', '.'), (35, 39)), (('.', '.'), (36, 39)), (('G', 'U'), (40, 46)), (('G', 'U'), (42, 46)), (('A', 'G'), (48, 51))]",....(..)...........(..).(..).......,4.098725879781208,...................................,YBX1,TCTTGC40NATAG,AAG,NUAACAUCGGG,1.0,4,monomeric,Secondary,Experiment_1,0,,linear,[AUGC]UAACAUCGGG
83,83_YBX2_TCTCAC40NACCT_AAG_4-1847-1-6.94-136842.model_params,"[(('C', 'C'), (1, 4)), (('U', 'G'), (3, 6)), (('C', '.'), (11, 14)), (('U', 'G'), (13, 31)), (('G', 'C'), (15, 30)), (('U', 'C'), (23, 26)), (('A', 'G'), (24, 29)), (('U', 'G'), (25, 29)), (('C', 'G'), (26, 29)), (('A', 'U'), (32, 35)), (('A', 'A'), (33, 36)), (('A', 'C'), (39, 42)), (('A', 'C'), (39, 43)), (('C', 'C'), (40, 43))]",.............((......(..).))(..)...(..).,1.997779713241289,.............((...........))............,YBX2,TCTCAC40NACCT,AAG,GCCAUNNNAUCGC,1.0,4b-,monomeric,Secondary,Experiment_1,0,,linear,GCCAU[AUGC][AUGC][AUGC]AUCGC
84,84_YBX2_TCTCAC40NACCT_AAG_4-41-3-20.81-83.model_params,"[(('A', 'U'), (21, 31)), (('.', '.'), (22, 29)), (('.', '.'), (22, 30)), (('.', '.'), (23, 28)), (('.', '.'), (23, 29)), (('.', '.'), (24, 27)), (('.', '.'), (24, 28)), (('G', 'U'), (39, 42)), (('.', '.'), (44, 48))]",................................,0.0,................................,YBX2,TCTCAC40NACCT,AAG,NUAACAUCNN,1.0,4,monomeric,Primary,Experiment_1,1,,linear,[AUGC]UAACAUC[AUGC][AUGC]
85,85_ZC3H10_TTGAAT40NAAGT_AAH_3-22-6-21.41-84.model_params,"[(('A', 'G'), (2, 6)), (('U', 'G'), (14, 19)), (('U', 'U'), (14, 20)), (('A', 'G'), (15, 19)), (('A', 'U'), (15, 20)), (('A', 'C'), (15, 21)), (('A', 'U'), (15, 22)), (('C', 'C'), (23, 26)), (('G', 'G'), (24, 27)), (('.', 'U'), (25, 32)), (('C', 'A'), (26, 31)), (('C', 'G'), (26, 35)), (('U', 'C'), (32, 40))]",..............((...))....(....).........,2.688993008373152,..............((...))...................,ZC3H10,TTGAAT40NAAGT,AAG,GCGCAUGCGNN,1.0,2,dimeric,Primary,Experiment_1,3,,linear,GCGCAUGCG[AUGC][AUGC]
86,86_ZC3H10_TTGAAT40NAAGT_AAH_3-7-8-28.54-3.model_params,"[(('U', 'A'), (18, 34)), (('G', '.'), (20, 29)), (('G', 'G'), (20, 30)), (('.', '.'), (21, 28)), (('.', '.'), (21, 29)), (('.', '.'), (22, 27)), (('.', '.'), (22, 28)), (('.', '.'), (23, 26)), (('.', '.'), (23, 27)), (('.', '.'), (29, 35)), (('G', 'U'), (43, 47)), (('U', 'U'), (44, 47))]",.................................(..)..,1.0177768934314382,.......................................,ZC3H10,TTGAAT40NAAGT,AAG,NGCGCAGCGUN,1.0,2,dimeric,Secondary,Experiment_1,0,,linear,[AUGC]GCGCAGCGU[AUGC]
87,87_ZC3H12A_TGATGA40NCATT_AAH_3-357-4-15.44-1232.model_params,"[(('G', 'U'), (1, 4)), (('U', 'C'), (9, 12)), (('G', 'A'), (10, 15)), (('C', 'A'), (11, 15)), (('C', 'A'), (12, 15)), (('A', 'G'), (17, 23)), (('A', 'U'), (17, 24)), (('.', '.'), (18, 21)), (('.', '.'), (18, 22)), (('.', '.'), (19, 22)), (('U', 'G'), (24, 28)), (('U', 'U'), (24, 29)), (('A', 'G'), (33, 36)), (('G', 'G'), (36, 42)), (('G', 'G'), (42, 45)), (('U', 'G'), (49, 52))]",.(..)...................................,0.4546615120442401,........................................,ZC3H12A,TGATGA40NCATT,AAG,NUUGCCAWAGUKU,2.0,4,monomeric,Secondary,Experiment_1,0,,linear,[AUGC]UUGCCA[AU]AGU[GU]U
88,88_ZC3H12B_TGACCG40NGCT_EMQ_4-8831-7-12.53-944.model_params,"[(('.', 'G'), (6, 19)), (('.', 'C'), (7, 18)), (('.', 'G'), (8, 17)), (('.', 'C'), (8, 18)), (('A', 'U'), (9, 16)), (('A', 'G'), (23, 30)), (('.', '.'), (24, 28)), (('.', '.'), (24, 29)), (('.', '.'), (25, 28)), (('U', 'G'), (31, 34))]",(......)......................,0.5627935041048422,..............................,ZC3H12B,TGAATG40NGTAG,AAG,NGCGNCAGUCGGUAGCN,2.0,3,monomeric,Secondary,Experiment_1,0,Excluded from the analysis Figure6B,linear,[AUGC]GCG[AUGC]CAGUCGGUAGC[AUGC]
89,89_ZC3H12C_TATGAC40NTCA_AAG_4-928-15-86.78-79.model_params,"[(('G', 'U'), (0, 3)), (('G', 'U'), (1, 4)), (('A', 'U'), (9, 14)), (('G', 'U'), (10, 14)), (('C', '.'), (16, 20)), (('G', 'C'), (18, 21)), (('C', 'A'), (21, 24)), (('A', 'G'), (24, 27)), (('A', 'U'), (24, 29))]",.......................................,0.0,.......................................,ZC3H12C,TATGAC40NTCA,AAG,NUGCGNCAGUCGGUAGC,2.0,4,monomeric,Secondary,Experiment_1,0,Excluded from the analysis Figure6B,linear,[AUGC]UGCG[AUGC]CAGUCGGUAGC
8,8_CSTF2T_TCTCGA40NCAT_AAG_4-99-151-729.24-0.model_params,"[(('U', 'G'), (9, 17)), (('.', 'U'), (13, 18)), (('G', '.'), (20, 25)), (('.', '.'), (21, 24)), (('.', '.'), (21, 25)), (('G', 'G'), (30, 33))]",...............................,0.0,...............................,CSTF2T,TCTCGA40NCAT,AAG,CGUAGCGUCU,1.0,3b0,monomeric,Primary,Experiment_1,1,,linear,CGUAGCGUCU
90,90_ZC3H8_TGCGAAC26N_EMR_4-920-1-6.35-155590.model_params,"[(('U', '.'), (0, 13)), (('G', '.'), (10, 13))]",.........................,0.0,.........................,ZC3H8,TAAACAG26N,EMO,GCUUGC,1.0,4b0,monomeric,Primary,Experiment_1,3,,linear,GCUUGC
91,91_ZCRB1_TTTGAG40NATT_AAG_4-91-63-598.47-2.model_params,"[(('G', 'A'), (0, 4)), (('G', 'G'), (0, 5)), (('C', 'A'), (1, 4)), (('C', 'G'), (1, 5)), (('A', 'U'), (4, 7)), (('A', 'G'), (8, 14)), (('A', 'G'), (8, 15)), (('G', 'U'), (14, 17)), (('G', 'G'), (15, 18)), (('G', 'U'), (16, 19)), (('U', 'C'), (21, 24)), (('U', 'U'), (22, 25)), (('G', 'G'), (34, 37))]",.(...).........(..).....................,1.501068744669565,........................................,ZCRB1,TAGACC40NGTTA,AAG,GUAUUAAGGG,1.0,2,monomeric,Primary,Experiment_1,2,,linear,GUAUUAAGGG
92,92_ZCRB1_TTTGAG40NATT_AAG_4-908-5-47.50-19.model_params,"[(('U', 'A'), (0, 3)), (('G', 'G'), (13, 17)), (('G', 'G'), (13, 20)), (('G', 'G'), (17, 23)), (('U', 'G'), (18, 23)), (('U', 'G'), (18, 24)), (('G', 'G'), (20, 23)), (('G', 'G'), (20, 24)), (('G', 'A'), (23, 31)), (('G', 'A'), (24, 31)), (('G', 'G'), (24, 32)), (('A', 'G'), (31, 35)), (('G', 'G'), (32, 35)), (('G', 'G'), (32, 37)), (('G', 'C'), (35, 38)), (('G', 'G'), (37, 40)), (('C', 'G'), (38, 42)), (('G', 'A'), (40, 43)), (('G', 'A'), (42, 45)), (('A', 'G'), (43, 46)), (('G', 'U'), (50, 54))]",...............(..)....................,0.7350466439296092,.......................................,ZCRB1,TAGACC40NGTTA,AAG,GUGGACUUAANNN,1.0,2,monomeric,Secondary,Experiment_1,0,,linear,GUGGACUUAA[AUGC][AUGC][AUGC]
93,93_ZCRB1_TTTGAG40NATT_AAG_4-99-59-560.47-1.model_params,"[(('G', 'U'), (17, 20)), (('G', 'G'), (17, 21)), (('G', 'C'), (21, 24)), (('U', 'G'), (30, 33)), (('U', 'G'), (35, 38)), (('G', 'G'), (36, 40))]",............................(..)..(...),1.9298427140105208,.......................................,ZCRB1,TTTGAG40NATT,AAG,GNNUUAAKK,1.0,3,monomeric,Primary,Replicate,0,,linear,G[AUGC][AUGC]UUAA[GU][GU]
94,94_ZCRB1_TTTGAG40NATT_AAG_4-908-5-47.50-19.model_params,"[(('U', 'A'), (0, 3)), (('G', 'G'), (13, 17)), (('G', 'G'), (13, 20)), (('G', 'G'), (17, 23)), (('U', 'G'), (18, 23)), (('U', 'G'), (18, 24)), (('G', 'G'), (20, 23)), (('G', 'G'), (20, 24)), (('G', 'A'), (23, 31)), (('G', 'A'), (24, 31)), (('G', 'G'), (24, 32)), (('A', 'G'), (31, 35)), (('G', 'G'), (32, 35)), (('G', 'G'), (32, 37)), (('G', 'C'), (35, 38)), (('G', 'G'), (37, 40)), (('C', 'G'), (38, 42)), (('G', 'A'), (40, 43)), (('G', 'A'), (42, 45)), (('A', 'G'), (43, 46)), (('G', 'U'), (50, 54))]",...............(..)....................,0.7350466439296092,.......................................,ZCRB1,TTTGAG40NATT,AAG,GUGGACUUAA,1.0,3,monomeric,Secondary,Replicate,0,,linear,GUGGACUUAA
95,95_ZFP36_TCAAAG40NGAG_AAG_4-98-219-1003.44-0.model_params,"[(('G', 'C'), (1, 4)), (('U', 'G'), (2, 5)), (('U', '.'), (15, 18)), (('U', 'G'), (15, 19)), (('A', 'C'), (24, 27)), (('G', 'G'), (25, 28)), (('G', 'G'), (29, 32)), (('A', 'C'), (36, 39))]",.......................................,0.0,.......................................,ZFP36,TCAAAG40NGAG,AAG,KUAUUUAUGGUGG,2.0,3,monomeric,Secondary,Experiment_1,0,,linear,[GU]UAUUUAUGGUGG
96,96_ZFP36_TCAAAG40NGAG_AAG_4-925-8-36.66-72.model_params,"[(('.', 'G'), (0, 3)), (('G', 'U'), (1, 4)), (('G', 'G'), (13, 16)), (('G', 'G'), (13, 17)), (('.', 'U'), (14, 18)), (('G', 'G'), (16, 24)), (('U', 'G'), (19, 23)), (('U', 'G'), (19, 24)), (('G', 'G'), (27, 32)), (('.', '.'), (28, 31)), (('G', 'G'), (32, 35)), (('G', 'G'), (32, 36))]",............(..)..................,0.6362075123096077,..................................,ZFP36,TCAAAG40NGAG,AAG,UUAUUUAUU,1.0,2,monomeric,Primary,EXperiment_1,2,,linear,UUAUUUAUU
97,97_ZFR-construct4_TCCTTG40NTGGC_AAG_4-6981-2-11.31-4587.model_params,"[(('A', 'C'), (11, 14)), (('G', 'G'), (13, 16)), (('A', 'C'), (17, 23)), (('U', 'U'), (26, 29)), (('U', 'G'), (29, 41)), (('U', 'G'), (30, 41)), (('.', '.'), (31, 38)), (('.', '.'), (31, 39)), (('.', '.'), (31, 40)), (('.', '.'), (32, 38)), (('.', '.'), (32, 39)), (('.', '.'), (32, 40)), (('.', '.'), (33, 37)), (('.', '.'), (33, 38)), (('.', '.'), (33, 39)), (('.', '.'), (33, 40)), (('G', 'A'), (43, 46)), (('U', 'G'), (44, 52)), (('C', 'A'), (47, 50)), (('G', 'G'), (49, 52))]",....................................(..),0.4410001042367326,........................................,ZFR,TAGTTA40NGTG,EMQ,GUGACGGAUG,1.0,4b0,monomeric,Secondary,Replicate,0,,linear,GUGACGGAUG
98,98_ZFR-construct4_TCCTTG40NTGGC_AAG_4-6981-2-11.31-5542.model_params,"[(('G', 'C'), (3, 6)), (('C', 'G'), (13, 18)), (('G', 'G'), (14, 18)), (('G', 'U'), (14, 19)), (('A', 'G'), (21, 24)), (('C', 'U'), (25, 28)), (('.', 'C'), (27, 31)), (('C', 'G'), (37, 40)), (('C', 'G'), (39, 44)), (('A', 'G'), (41, 44))]",................................(..)(..),0.6700395555853624,........................................,ZFR,TAGTTA40NGTG,EMQ,GUGCGGAUGN,1.0,4b0,monomeric,Primary,Replicate,0,,linear,GUGCGGAUG[AUGC]
99,99_ZFR-construct4_TCCTTG40NTGGC_AAG_4-999-13-73.51-51.model_params,"[(('A', 'G'), (5, 19)), (('G', 'G'), (7, 10)), (('U', 'U'), (13, 16)), (('U', 'G'), (16, 19)), (('U', '.'), (23, 27)), (('U', 'C'), (23, 28)), (('U', 'U'), (23, 29)), (('A', '.'), (24, 27)), (('A', 'C'), (24, 28)), (('A', 'U'), (24, 29)), (('G', 'A'), (30, 36)), (('A', 'C'), (36, 40)), (('U', 'C'), (41, 44)), (('U', 'C'), (41, 49)), (('U', 'G'), (41, 54)), (('G', 'G'), (51, 54))]",......................(..)..............,0.3458988569703556,........................................,ZFR,TCCTTG40NTGGC,AAG,GGCACGGAUG,1.0,4,monomeric,Secondary,Experiment_1,0,,linear,GGCACGGAUG
9,9_DAZ4_TGCCGT40NCTT_AAG_4-968-25-114.67-7.model_params,"[(('G', 'C'), (0, 3)), (('C', 'U'), (1, 4)), (('C', 'A'), (3, 18)), (('U', 'G'), (10, 14)), (('A', 'G'), (11, 14)), (('A', 'U'), (11, 17)), (('G', 'U'), (14, 17)), (('A', 'C'), (18, 21)), (('A', 'U'), (18, 25)), (('U', 'U'), (19, 25)), (('C', 'U'), (21, 25)), (('G', 'U'), (26, 31)), (('G', '.'), (33, 42)), (('G', '.'), (33, 44)), (('.', '.'), (44, 47))]",.(..).........(..)............,1.154720594403254,..............................,DAZ4,TCTGGT40NGGG,AAH,GYUCUAGUUAGYAUC,2.0,2,monomeric,Secondary,Experiment_1,0,,linear,G[UC]UCUAGUUAG[UC]AUC
